2025-02-22 18:58:51.243 [background-preinit] INFO  o.h.validator.internal.util.Version - HV000001: Hibernate Validator 8.0.2.Final
2025-02-22 18:58:51.832 [main] INFO  o.s.c.c.c.ConfigServicePropertySourceLocator - Fetching config from server at : http://localhost:9001
2025-02-22 18:58:53.827 [main] INFO  o.s.c.c.c.ConfigServicePropertySourceLocator - Located environment: name=bt-ms-customers, profiles=[dev], label=null, version=e374c450d24cd57145ec56f3d3a5646d3ff91137, state=
2025-02-22 18:58:53.828 [main] INFO  o.s.c.b.c.PropertySourceBootstrapConfiguration - Located property source: [BootstrapPropertySource {name='bootstrapProperties-configClient'}, BootstrapPropertySource {name='bootstrapProperties-https://github.com/AldoSBou/BootcampConfigServerFiles/bt-ms-customers-dev.yml'}]
2025-02-22 18:58:53.833 [main] INFO  c.b.b.MsCustomersApplication - No active profile set, falling back to 1 default profile: "default"
2025-02-22 18:58:54.169 [main] INFO  o.s.d.r.c.RepositoryConfigurationDelegate - Bootstrapping Spring Data Reactive MongoDB repositories in DEFAULT mode.
2025-02-22 18:58:54.294 [main] INFO  o.s.d.r.c.RepositoryConfigurationDelegate - Finished Spring Data repository scanning in 117 ms. Found 3 Reactive MongoDB repository interfaces.
2025-02-22 18:58:54.459 [main] INFO  o.s.cloud.context.scope.GenericScope - BeanFactory id=cd773bd4-dba9-348c-b022-3cdac4348cfc
2025-02-22 18:58:55.318 [main] INFO  org.mongodb.driver.client - MongoClient with metadata {"driver": {"name": "mongo-java-driver|reactive-streams|spring-boot", "version": "5.2.1"}, "os": {"type": "Windows", "name": "Windows 10", "architecture": "amd64", "version": "10.0"}, "platform": "Java/Oracle Corporation/17.0.12+8-LTS-286"} created with settings MongoClientSettings{readPreference=primary, writeConcern=WriteConcern{w=null, wTimeout=null ms, journal=null}, retryWrites=true, retryReads=true, readConcern=ReadConcern{level=null}, credential=null, transportSettings=NettyTransportSettings{eventLoopGroup=io.netty.channel.nio.NioEventLoopGroup@3ef0e576, socketChannelClass=null, allocator=null, sslContext=null}, commandListeners=[], codecRegistry=ProvidersCodecRegistry{codecProviders=[ValueCodecProvider{}, BsonValueCodecProvider{}, DBRefCodecProvider{}, DBObjectCodecProvider{}, DocumentCodecProvider{}, CollectionCodecProvider{}, IterableCodecProvider{}, MapCodecProvider{}, GeoJsonCodecProvider{}, GridFSFileCodecProvider{}, Jsr310CodecProvider{}, JsonObjectCodecProvider{}, BsonCodecProvider{}, EnumCodecProvider{}, com.mongodb.client.model.mql.ExpressionCodecProvider@da34eb0, com.mongodb.Jep395RecordCodecProvider@785a4557, com.mongodb.KotlinCodecProvider@2bf3ec4]}, loggerSettings=LoggerSettings{maxDocumentLength=1000}, clusterSettings={hosts=[localhost:27017], srvServiceName=mongodb, mode=SINGLE, requiredClusterType=UNKNOWN, requiredReplicaSetName='null', serverSelector='null', clusterListeners='[]', serverSelectionTimeout='30000 ms', localThreshold='15 ms'}, socketSettings=SocketSettings{connectTimeoutMS=10000, readTimeoutMS=0, receiveBufferSize=0, proxySettings=ProxySettings{host=null, port=null, username=null, password=null}}, heartbeatSocketSettings=SocketSettings{connectTimeoutMS=10000, readTimeoutMS=10000, receiveBufferSize=0, proxySettings=ProxySettings{host=null, port=null, username=null, password=null}}, connectionPoolSettings=ConnectionPoolSettings{maxSize=100, minSize=0, maxWaitTimeMS=120000, maxConnectionLifeTimeMS=0, maxConnectionIdleTimeMS=0, maintenanceInitialDelayMS=0, maintenanceFrequencyMS=60000, connectionPoolListeners=[], maxConnecting=2}, serverSettings=ServerSettings{heartbeatFrequencyMS=10000, minHeartbeatFrequencyMS=500, serverMonitoringMode=AUTO, serverListeners='[]', serverMonitorListeners='[]'}, sslSettings=SslSettings{enabled=false, invalidHostNameAllowed=false, context=null}, applicationName='null', compressorList=[], uuidRepresentation=JAVA_LEGACY, serverApi=null, autoEncryptionSettings=null, dnsClient=null, inetAddressResolver=null, contextProvider=null, timeoutMS=null}
2025-02-22 18:58:55.446 [cluster-ClusterId{value='67ba64bffa72b6332e459aa2', description='null'}-localhost:27017] INFO  org.mongodb.driver.cluster - Monitor thread successfully connected to server with description ServerDescription{address=localhost:27017, type=STANDALONE, cryptd=false, state=CONNECTED, ok=true, minWireVersion=0, maxWireVersion=25, maxDocumentSize=16777216, logicalSessionTimeoutMinutes=30, roundTripTimeNanos=43943600, minRoundTripTimeNanos=0}
2025-02-22 18:58:55.931 [main] WARN  o.s.b.w.r.c.AnnotationConfigReactiveWebServerApplicationContext - Exception encountered during context initialization - cancelling refresh attempt: org.springframework.beans.factory.UnsatisfiedDependencyException: Error creating bean with name 'customerController' defined in file [C:\Users\asuarbou\Desktop\Proyectos Semanales\Entregable 1\bootcamp-ms-customers\bt-ms-customers\target\classes\com\bootcamp\btmscustomers\controller\CustomerController.class]: Unsatisfied dependency expressed through constructor parameter 1: Error creating bean with name 'mapperCustomer' defined in file [C:\Users\asuarbou\Desktop\Proyectos Semanales\Entregable 1\bootcamp-ms-customers\bt-ms-customers\target\classes\com\bootcamp\btmscustomers\mapper\MapperCustomer.class]: Unsatisfied dependency expressed through constructor parameter 0: Error creating bean with name 'customerMapper' defined in class path resource [com/bootcamp/btmscustomers/config/MapperConfig.class]: Failed to instantiate [org.modelmapper.ModelMapper]: Factory method 'customerMapper' threw exception with message: ModelMapper configuration errors:

1) Not able to skip customerType., because there are already nested properties are mapped: [customerType.description. customerType.id.]. Do you skip the property after the implicit mappings mapped? We recommended you to create an empty type map, and followed by addMappings and implicitMappings calls

1 error
2025-02-22 18:58:58.032 [main] INFO  o.s.b.a.l.ConditionEvaluationReportLogger - 

Error starting ApplicationContext. To display the condition evaluation report re-run your application with 'debug' enabled.
2025-02-22 18:58:58.046 [main] ERROR o.s.boot.SpringApplication - Application run failed
org.springframework.beans.factory.UnsatisfiedDependencyException: Error creating bean with name 'customerController' defined in file [C:\Users\asuarbou\Desktop\Proyectos Semanales\Entregable 1\bootcamp-ms-customers\bt-ms-customers\target\classes\com\bootcamp\btmscustomers\controller\CustomerController.class]: Unsatisfied dependency expressed through constructor parameter 1: Error creating bean with name 'mapperCustomer' defined in file [C:\Users\asuarbou\Desktop\Proyectos Semanales\Entregable 1\bootcamp-ms-customers\bt-ms-customers\target\classes\com\bootcamp\btmscustomers\mapper\MapperCustomer.class]: Unsatisfied dependency expressed through constructor parameter 0: Error creating bean with name 'customerMapper' defined in class path resource [com/bootcamp/btmscustomers/config/MapperConfig.class]: Failed to instantiate [org.modelmapper.ModelMapper]: Factory method 'customerMapper' threw exception with message: ModelMapper configuration errors:

1) Not able to skip customerType., because there are already nested properties are mapped: [customerType.description. customerType.id.]. Do you skip the property after the implicit mappings mapped? We recommended you to create an empty type map, and followed by addMappings and implicitMappings calls

1 error
	at org.springframework.beans.factory.support.ConstructorResolver.createArgumentArray(ConstructorResolver.java:804)
	at org.springframework.beans.factory.support.ConstructorResolver.autowireConstructor(ConstructorResolver.java:240)
	at org.springframework.beans.factory.support.AbstractAutowireCapableBeanFactory.autowireConstructor(AbstractAutowireCapableBeanFactory.java:1381)
	at org.springframework.beans.factory.support.AbstractAutowireCapableBeanFactory.createBeanInstance(AbstractAutowireCapableBeanFactory.java:1218)
	at org.springframework.beans.factory.support.AbstractAutowireCapableBeanFactory.doCreateBean(AbstractAutowireCapableBeanFactory.java:563)
	at org.springframework.beans.factory.support.AbstractAutowireCapableBeanFactory.createBean(AbstractAutowireCapableBeanFactory.java:523)
	at org.springframework.beans.factory.support.AbstractBeanFactory.lambda$doGetBean$0(AbstractBeanFactory.java:336)
	at org.springframework.beans.factory.support.DefaultSingletonBeanRegistry.getSingleton(DefaultSingletonBeanRegistry.java:307)
	at org.springframework.beans.factory.support.AbstractBeanFactory.doGetBean(AbstractBeanFactory.java:334)
	at org.springframework.beans.factory.support.AbstractBeanFactory.getBean(AbstractBeanFactory.java:199)
	at org.springframework.beans.factory.support.DefaultListableBeanFactory.instantiateSingleton(DefaultListableBeanFactory.java:1122)
	at org.springframework.beans.factory.support.DefaultListableBeanFactory.preInstantiateSingleton(DefaultListableBeanFactory.java:1093)
	at org.springframework.beans.factory.support.DefaultListableBeanFactory.preInstantiateSingletons(DefaultListableBeanFactory.java:1030)
	at org.springframework.context.support.AbstractApplicationContext.finishBeanFactoryInitialization(AbstractApplicationContext.java:987)
	at org.springframework.context.support.AbstractApplicationContext.refresh(AbstractApplicationContext.java:627)
	at org.springframework.boot.web.reactive.context.ReactiveWebServerApplicationContext.refresh(ReactiveWebServerApplicationContext.java:66)
	at org.springframework.boot.SpringApplication.refresh(SpringApplication.java:752)
	at org.springframework.boot.SpringApplication.refreshContext(SpringApplication.java:439)
	at org.springframework.boot.SpringApplication.run(SpringApplication.java:318)
	at org.springframework.boot.SpringApplication.run(SpringApplication.java:1361)
	at org.springframework.boot.SpringApplication.run(SpringApplication.java:1350)
	at com.bootcamp.btmscustomers.MsCustomersApplication.main(MsCustomersApplication.java:10)
Caused by: org.springframework.beans.factory.UnsatisfiedDependencyException: Error creating bean with name 'mapperCustomer' defined in file [C:\Users\asuarbou\Desktop\Proyectos Semanales\Entregable 1\bootcamp-ms-customers\bt-ms-customers\target\classes\com\bootcamp\btmscustomers\mapper\MapperCustomer.class]: Unsatisfied dependency expressed through constructor parameter 0: Error creating bean with name 'customerMapper' defined in class path resource [com/bootcamp/btmscustomers/config/MapperConfig.class]: Failed to instantiate [org.modelmapper.ModelMapper]: Factory method 'customerMapper' threw exception with message: ModelMapper configuration errors:

1) Not able to skip customerType., because there are already nested properties are mapped: [customerType.description. customerType.id.]. Do you skip the property after the implicit mappings mapped? We recommended you to create an empty type map, and followed by addMappings and implicitMappings calls

1 error
	at org.springframework.beans.factory.support.ConstructorResolver.createArgumentArray(ConstructorResolver.java:804)
	at org.springframework.beans.factory.support.ConstructorResolver.autowireConstructor(ConstructorResolver.java:240)
	at org.springframework.beans.factory.support.AbstractAutowireCapableBeanFactory.autowireConstructor(AbstractAutowireCapableBeanFactory.java:1381)
	at org.springframework.beans.factory.support.AbstractAutowireCapableBeanFactory.createBeanInstance(AbstractAutowireCapableBeanFactory.java:1218)
	at org.springframework.beans.factory.support.AbstractAutowireCapableBeanFactory.doCreateBean(AbstractAutowireCapableBeanFactory.java:563)
	at org.springframework.beans.factory.support.AbstractAutowireCapableBeanFactory.createBean(AbstractAutowireCapableBeanFactory.java:523)
	at org.springframework.beans.factory.support.AbstractBeanFactory.lambda$doGetBean$0(AbstractBeanFactory.java:336)
	at org.springframework.beans.factory.support.DefaultSingletonBeanRegistry.getSingleton(DefaultSingletonBeanRegistry.java:307)
	at org.springframework.beans.factory.support.AbstractBeanFactory.doGetBean(AbstractBeanFactory.java:334)
	at org.springframework.beans.factory.support.AbstractBeanFactory.getBean(AbstractBeanFactory.java:199)
	at org.springframework.beans.factory.support.DefaultListableBeanFactory.doResolveDependency(DefaultListableBeanFactory.java:1573)
	at org.springframework.beans.factory.support.DefaultListableBeanFactory.resolveDependency(DefaultListableBeanFactory.java:1519)
	at org.springframework.beans.factory.support.ConstructorResolver.resolveAutowiredArgument(ConstructorResolver.java:913)
	at org.springframework.beans.factory.support.ConstructorResolver.createArgumentArray(ConstructorResolver.java:791)
	... 21 common frames omitted
Caused by: org.springframework.beans.factory.BeanCreationException: Error creating bean with name 'customerMapper' defined in class path resource [com/bootcamp/btmscustomers/config/MapperConfig.class]: Failed to instantiate [org.modelmapper.ModelMapper]: Factory method 'customerMapper' threw exception with message: ModelMapper configuration errors:

1) Not able to skip customerType., because there are already nested properties are mapped: [customerType.description. customerType.id.]. Do you skip the property after the implicit mappings mapped? We recommended you to create an empty type map, and followed by addMappings and implicitMappings calls

1 error
	at org.springframework.beans.factory.support.ConstructorResolver.instantiate(ConstructorResolver.java:657)
	at org.springframework.beans.factory.support.ConstructorResolver.instantiateUsingFactoryMethod(ConstructorResolver.java:489)
	at org.springframework.beans.factory.support.AbstractAutowireCapableBeanFactory.instantiateUsingFactoryMethod(AbstractAutowireCapableBeanFactory.java:1361)
	at org.springframework.beans.factory.support.AbstractAutowireCapableBeanFactory.createBeanInstance(AbstractAutowireCapableBeanFactory.java:1191)
	at org.springframework.beans.factory.support.AbstractAutowireCapableBeanFactory.doCreateBean(AbstractAutowireCapableBeanFactory.java:563)
	at org.springframework.beans.factory.support.AbstractAutowireCapableBeanFactory.createBean(AbstractAutowireCapableBeanFactory.java:523)
	at org.springframework.beans.factory.support.AbstractBeanFactory.lambda$doGetBean$0(AbstractBeanFactory.java:336)
	at org.springframework.beans.factory.support.DefaultSingletonBeanRegistry.getSingleton(DefaultSingletonBeanRegistry.java:307)
	at org.springframework.beans.factory.support.AbstractBeanFactory.doGetBean(AbstractBeanFactory.java:334)
	at org.springframework.beans.factory.support.AbstractBeanFactory.getBean(AbstractBeanFactory.java:199)
	at org.springframework.beans.factory.support.DefaultListableBeanFactory.doResolveDependency(DefaultListableBeanFactory.java:1573)
	at org.springframework.beans.factory.support.DefaultListableBeanFactory.resolveDependency(DefaultListableBeanFactory.java:1519)
	at org.springframework.beans.factory.support.ConstructorResolver.resolveAutowiredArgument(ConstructorResolver.java:913)
	at org.springframework.beans.factory.support.ConstructorResolver.createArgumentArray(ConstructorResolver.java:791)
	... 34 common frames omitted
Caused by: org.springframework.beans.BeanInstantiationException: Failed to instantiate [org.modelmapper.ModelMapper]: Factory method 'customerMapper' threw exception with message: ModelMapper configuration errors:

1) Not able to skip customerType., because there are already nested properties are mapped: [customerType.description. customerType.id.]. Do you skip the property after the implicit mappings mapped? We recommended you to create an empty type map, and followed by addMappings and implicitMappings calls

1 error
	at org.springframework.beans.factory.support.SimpleInstantiationStrategy.lambda$instantiate$0(SimpleInstantiationStrategy.java:199)
	at org.springframework.beans.factory.support.SimpleInstantiationStrategy.instantiateWithFactoryMethod(SimpleInstantiationStrategy.java:88)
	at org.springframework.beans.factory.support.SimpleInstantiationStrategy.instantiate(SimpleInstantiationStrategy.java:168)
	at org.springframework.beans.factory.support.ConstructorResolver.instantiate(ConstructorResolver.java:653)
	... 47 common frames omitted
Caused by: org.modelmapper.ConfigurationException: ModelMapper configuration errors:

1) Not able to skip customerType., because there are already nested properties are mapped: [customerType.description. customerType.id.]. Do you skip the property after the implicit mappings mapped? We recommended you to create an empty type map, and followed by addMappings and implicitMappings calls

1 error
	at org.modelmapper.internal.Errors.throwConfigurationExceptionIfErrorsExist(Errors.java:240)
	at org.modelmapper.internal.ReferenceMapExpressionImpl.skipMapping(ReferenceMapExpressionImpl.java:90)
	at org.modelmapper.internal.ReferenceMapExpressionImpl.map(ReferenceMapExpressionImpl.java:68)
	at org.modelmapper.internal.TypeMapImpl.addMapping(TypeMapImpl.java:260)
	at com.bootcamp.btmscustomers.config.MapperConfig.customerMapper(MapperConfig.java:31)
	at com.bootcamp.btmscustomers.config.MapperConfig$$SpringCGLIB$$0.CGLIB$customerMapper$0(<generated>)
	at com.bootcamp.btmscustomers.config.MapperConfig$$SpringCGLIB$$FastClass$$1.invoke(<generated>)
	at org.springframework.cglib.proxy.MethodProxy.invokeSuper(MethodProxy.java:258)
	at org.springframework.context.annotation.ConfigurationClassEnhancer$BeanMethodInterceptor.intercept(ConfigurationClassEnhancer.java:348)
	at com.bootcamp.btmscustomers.config.MapperConfig$$SpringCGLIB$$0.customerMapper(<generated>)
	at java.base/jdk.internal.reflect.NativeMethodAccessorImpl.invoke0(Native Method)
	at java.base/jdk.internal.reflect.NativeMethodAccessorImpl.invoke(NativeMethodAccessorImpl.java:77)
	at java.base/jdk.internal.reflect.DelegatingMethodAccessorImpl.invoke(DelegatingMethodAccessorImpl.java:43)
	at java.base/java.lang.reflect.Method.invoke(Method.java:568)
	at org.springframework.beans.factory.support.SimpleInstantiationStrategy.lambda$instantiate$0(SimpleInstantiationStrategy.java:171)
	... 50 common frames omitted
2025-02-22 18:59:09.393 [background-preinit] INFO  o.h.validator.internal.util.Version - HV000001: Hibernate Validator 8.0.2.Final
2025-02-22 18:59:09.909 [main] INFO  o.s.c.c.c.ConfigServicePropertySourceLocator - Fetching config from server at : http://localhost:9001
2025-02-22 18:59:11.803 [main] INFO  o.s.c.c.c.ConfigServicePropertySourceLocator - Located environment: name=bt-ms-customers, profiles=[dev], label=null, version=e374c450d24cd57145ec56f3d3a5646d3ff91137, state=
2025-02-22 18:59:11.804 [main] INFO  o.s.c.b.c.PropertySourceBootstrapConfiguration - Located property source: [BootstrapPropertySource {name='bootstrapProperties-configClient'}, BootstrapPropertySource {name='bootstrapProperties-https://github.com/AldoSBou/BootcampConfigServerFiles/bt-ms-customers-dev.yml'}]
2025-02-22 18:59:11.813 [main] INFO  c.b.b.MsCustomersApplication - No active profile set, falling back to 1 default profile: "default"
2025-02-22 18:59:12.081 [main] INFO  o.s.d.r.c.RepositoryConfigurationDelegate - Bootstrapping Spring Data Reactive MongoDB repositories in DEFAULT mode.
2025-02-22 18:59:12.177 [main] INFO  o.s.d.r.c.RepositoryConfigurationDelegate - Finished Spring Data repository scanning in 90 ms. Found 3 Reactive MongoDB repository interfaces.
2025-02-22 18:59:12.329 [main] INFO  o.s.cloud.context.scope.GenericScope - BeanFactory id=cd773bd4-dba9-348c-b022-3cdac4348cfc
2025-02-22 18:59:12.995 [main] INFO  org.mongodb.driver.client - MongoClient with metadata {"driver": {"name": "mongo-java-driver|reactive-streams|spring-boot", "version": "5.2.1"}, "os": {"type": "Windows", "name": "Windows 10", "architecture": "amd64", "version": "10.0"}, "platform": "Java/Oracle Corporation/17.0.12+8-LTS-286"} created with settings MongoClientSettings{readPreference=primary, writeConcern=WriteConcern{w=null, wTimeout=null ms, journal=null}, retryWrites=true, retryReads=true, readConcern=ReadConcern{level=null}, credential=null, transportSettings=NettyTransportSettings{eventLoopGroup=io.netty.channel.nio.NioEventLoopGroup@120411ec, socketChannelClass=null, allocator=null, sslContext=null}, commandListeners=[], codecRegistry=ProvidersCodecRegistry{codecProviders=[ValueCodecProvider{}, BsonValueCodecProvider{}, DBRefCodecProvider{}, DBObjectCodecProvider{}, DocumentCodecProvider{}, CollectionCodecProvider{}, IterableCodecProvider{}, MapCodecProvider{}, GeoJsonCodecProvider{}, GridFSFileCodecProvider{}, Jsr310CodecProvider{}, JsonObjectCodecProvider{}, BsonCodecProvider{}, EnumCodecProvider{}, com.mongodb.client.model.mql.ExpressionCodecProvider@6cc8adff, com.mongodb.Jep395RecordCodecProvider@6b2e9db2, com.mongodb.KotlinCodecProvider@280d5a82]}, loggerSettings=LoggerSettings{maxDocumentLength=1000}, clusterSettings={hosts=[localhost:27017], srvServiceName=mongodb, mode=SINGLE, requiredClusterType=UNKNOWN, requiredReplicaSetName='null', serverSelector='null', clusterListeners='[]', serverSelectionTimeout='30000 ms', localThreshold='15 ms'}, socketSettings=SocketSettings{connectTimeoutMS=10000, readTimeoutMS=0, receiveBufferSize=0, proxySettings=ProxySettings{host=null, port=null, username=null, password=null}}, heartbeatSocketSettings=SocketSettings{connectTimeoutMS=10000, readTimeoutMS=10000, receiveBufferSize=0, proxySettings=ProxySettings{host=null, port=null, username=null, password=null}}, connectionPoolSettings=ConnectionPoolSettings{maxSize=100, minSize=0, maxWaitTimeMS=120000, maxConnectionLifeTimeMS=0, maxConnectionIdleTimeMS=0, maintenanceInitialDelayMS=0, maintenanceFrequencyMS=60000, connectionPoolListeners=[], maxConnecting=2}, serverSettings=ServerSettings{heartbeatFrequencyMS=10000, minHeartbeatFrequencyMS=500, serverMonitoringMode=AUTO, serverListeners='[]', serverMonitorListeners='[]'}, sslSettings=SslSettings{enabled=false, invalidHostNameAllowed=false, context=null}, applicationName='null', compressorList=[], uuidRepresentation=JAVA_LEGACY, serverApi=null, autoEncryptionSettings=null, dnsClient=null, inetAddressResolver=null, contextProvider=null, timeoutMS=null}
2025-02-22 18:59:13.107 [cluster-ClusterId{value='67ba64d0ba308c260bb949b0', description='null'}-localhost:27017] INFO  org.mongodb.driver.cluster - Monitor thread successfully connected to server with description ServerDescription{address=localhost:27017, type=STANDALONE, cryptd=false, state=CONNECTED, ok=true, minWireVersion=0, maxWireVersion=25, maxDocumentSize=16777216, logicalSessionTimeoutMinutes=30, roundTripTimeNanos=34581300, minRoundTripTimeNanos=0}
2025-02-22 18:59:13.552 [main] WARN  o.s.b.w.r.c.AnnotationConfigReactiveWebServerApplicationContext - Exception encountered during context initialization - cancelling refresh attempt: org.springframework.beans.factory.UnsatisfiedDependencyException: Error creating bean with name 'customerController' defined in file [C:\Users\asuarbou\Desktop\Proyectos Semanales\Entregable 1\bootcamp-ms-customers\bt-ms-customers\target\classes\com\bootcamp\btmscustomers\controller\CustomerController.class]: Unsatisfied dependency expressed through constructor parameter 1: Error creating bean with name 'mapperCustomer' defined in file [C:\Users\asuarbou\Desktop\Proyectos Semanales\Entregable 1\bootcamp-ms-customers\bt-ms-customers\target\classes\com\bootcamp\btmscustomers\mapper\MapperCustomer.class]: Unsatisfied dependency expressed through constructor parameter 0: Error creating bean with name 'customerMapper' defined in class path resource [com/bootcamp/btmscustomers/config/MapperConfig.class]: Failed to instantiate [org.modelmapper.ModelMapper]: Factory method 'customerMapper' threw exception with message: ModelMapper configuration errors:

1) Not able to skip customerType., because there are already nested properties are mapped: [customerType.description. customerType.id.]. Do you skip the property after the implicit mappings mapped? We recommended you to create an empty type map, and followed by addMappings and implicitMappings calls

1 error
2025-02-22 18:59:15.650 [main] INFO  o.s.b.a.l.ConditionEvaluationReportLogger - 

Error starting ApplicationContext. To display the condition evaluation report re-run your application with 'debug' enabled.
2025-02-22 18:59:15.665 [main] ERROR o.s.boot.SpringApplication - Application run failed
org.springframework.beans.factory.UnsatisfiedDependencyException: Error creating bean with name 'customerController' defined in file [C:\Users\asuarbou\Desktop\Proyectos Semanales\Entregable 1\bootcamp-ms-customers\bt-ms-customers\target\classes\com\bootcamp\btmscustomers\controller\CustomerController.class]: Unsatisfied dependency expressed through constructor parameter 1: Error creating bean with name 'mapperCustomer' defined in file [C:\Users\asuarbou\Desktop\Proyectos Semanales\Entregable 1\bootcamp-ms-customers\bt-ms-customers\target\classes\com\bootcamp\btmscustomers\mapper\MapperCustomer.class]: Unsatisfied dependency expressed through constructor parameter 0: Error creating bean with name 'customerMapper' defined in class path resource [com/bootcamp/btmscustomers/config/MapperConfig.class]: Failed to instantiate [org.modelmapper.ModelMapper]: Factory method 'customerMapper' threw exception with message: ModelMapper configuration errors:

1) Not able to skip customerType., because there are already nested properties are mapped: [customerType.description. customerType.id.]. Do you skip the property after the implicit mappings mapped? We recommended you to create an empty type map, and followed by addMappings and implicitMappings calls

1 error
	at org.springframework.beans.factory.support.ConstructorResolver.createArgumentArray(ConstructorResolver.java:804)
	at org.springframework.beans.factory.support.ConstructorResolver.autowireConstructor(ConstructorResolver.java:240)
	at org.springframework.beans.factory.support.AbstractAutowireCapableBeanFactory.autowireConstructor(AbstractAutowireCapableBeanFactory.java:1381)
	at org.springframework.beans.factory.support.AbstractAutowireCapableBeanFactory.createBeanInstance(AbstractAutowireCapableBeanFactory.java:1218)
	at org.springframework.beans.factory.support.AbstractAutowireCapableBeanFactory.doCreateBean(AbstractAutowireCapableBeanFactory.java:563)
	at org.springframework.beans.factory.support.AbstractAutowireCapableBeanFactory.createBean(AbstractAutowireCapableBeanFactory.java:523)
	at org.springframework.beans.factory.support.AbstractBeanFactory.lambda$doGetBean$0(AbstractBeanFactory.java:336)
	at org.springframework.beans.factory.support.DefaultSingletonBeanRegistry.getSingleton(DefaultSingletonBeanRegistry.java:307)
	at org.springframework.beans.factory.support.AbstractBeanFactory.doGetBean(AbstractBeanFactory.java:334)
	at org.springframework.beans.factory.support.AbstractBeanFactory.getBean(AbstractBeanFactory.java:199)
	at org.springframework.beans.factory.support.DefaultListableBeanFactory.instantiateSingleton(DefaultListableBeanFactory.java:1122)
	at org.springframework.beans.factory.support.DefaultListableBeanFactory.preInstantiateSingleton(DefaultListableBeanFactory.java:1093)
	at org.springframework.beans.factory.support.DefaultListableBeanFactory.preInstantiateSingletons(DefaultListableBeanFactory.java:1030)
	at org.springframework.context.support.AbstractApplicationContext.finishBeanFactoryInitialization(AbstractApplicationContext.java:987)
	at org.springframework.context.support.AbstractApplicationContext.refresh(AbstractApplicationContext.java:627)
	at org.springframework.boot.web.reactive.context.ReactiveWebServerApplicationContext.refresh(ReactiveWebServerApplicationContext.java:66)
	at org.springframework.boot.SpringApplication.refresh(SpringApplication.java:752)
	at org.springframework.boot.SpringApplication.refreshContext(SpringApplication.java:439)
	at org.springframework.boot.SpringApplication.run(SpringApplication.java:318)
	at org.springframework.boot.SpringApplication.run(SpringApplication.java:1361)
	at org.springframework.boot.SpringApplication.run(SpringApplication.java:1350)
	at com.bootcamp.btmscustomers.MsCustomersApplication.main(MsCustomersApplication.java:10)
Caused by: org.springframework.beans.factory.UnsatisfiedDependencyException: Error creating bean with name 'mapperCustomer' defined in file [C:\Users\asuarbou\Desktop\Proyectos Semanales\Entregable 1\bootcamp-ms-customers\bt-ms-customers\target\classes\com\bootcamp\btmscustomers\mapper\MapperCustomer.class]: Unsatisfied dependency expressed through constructor parameter 0: Error creating bean with name 'customerMapper' defined in class path resource [com/bootcamp/btmscustomers/config/MapperConfig.class]: Failed to instantiate [org.modelmapper.ModelMapper]: Factory method 'customerMapper' threw exception with message: ModelMapper configuration errors:

1) Not able to skip customerType., because there are already nested properties are mapped: [customerType.description. customerType.id.]. Do you skip the property after the implicit mappings mapped? We recommended you to create an empty type map, and followed by addMappings and implicitMappings calls

1 error
	at org.springframework.beans.factory.support.ConstructorResolver.createArgumentArray(ConstructorResolver.java:804)
	at org.springframework.beans.factory.support.ConstructorResolver.autowireConstructor(ConstructorResolver.java:240)
	at org.springframework.beans.factory.support.AbstractAutowireCapableBeanFactory.autowireConstructor(AbstractAutowireCapableBeanFactory.java:1381)
	at org.springframework.beans.factory.support.AbstractAutowireCapableBeanFactory.createBeanInstance(AbstractAutowireCapableBeanFactory.java:1218)
	at org.springframework.beans.factory.support.AbstractAutowireCapableBeanFactory.doCreateBean(AbstractAutowireCapableBeanFactory.java:563)
	at org.springframework.beans.factory.support.AbstractAutowireCapableBeanFactory.createBean(AbstractAutowireCapableBeanFactory.java:523)
	at org.springframework.beans.factory.support.AbstractBeanFactory.lambda$doGetBean$0(AbstractBeanFactory.java:336)
	at org.springframework.beans.factory.support.DefaultSingletonBeanRegistry.getSingleton(DefaultSingletonBeanRegistry.java:307)
	at org.springframework.beans.factory.support.AbstractBeanFactory.doGetBean(AbstractBeanFactory.java:334)
	at org.springframework.beans.factory.support.AbstractBeanFactory.getBean(AbstractBeanFactory.java:199)
	at org.springframework.beans.factory.support.DefaultListableBeanFactory.doResolveDependency(DefaultListableBeanFactory.java:1573)
	at org.springframework.beans.factory.support.DefaultListableBeanFactory.resolveDependency(DefaultListableBeanFactory.java:1519)
	at org.springframework.beans.factory.support.ConstructorResolver.resolveAutowiredArgument(ConstructorResolver.java:913)
	at org.springframework.beans.factory.support.ConstructorResolver.createArgumentArray(ConstructorResolver.java:791)
	... 21 common frames omitted
Caused by: org.springframework.beans.factory.BeanCreationException: Error creating bean with name 'customerMapper' defined in class path resource [com/bootcamp/btmscustomers/config/MapperConfig.class]: Failed to instantiate [org.modelmapper.ModelMapper]: Factory method 'customerMapper' threw exception with message: ModelMapper configuration errors:

1) Not able to skip customerType., because there are already nested properties are mapped: [customerType.description. customerType.id.]. Do you skip the property after the implicit mappings mapped? We recommended you to create an empty type map, and followed by addMappings and implicitMappings calls

1 error
	at org.springframework.beans.factory.support.ConstructorResolver.instantiate(ConstructorResolver.java:657)
	at org.springframework.beans.factory.support.ConstructorResolver.instantiateUsingFactoryMethod(ConstructorResolver.java:489)
	at org.springframework.beans.factory.support.AbstractAutowireCapableBeanFactory.instantiateUsingFactoryMethod(AbstractAutowireCapableBeanFactory.java:1361)
	at org.springframework.beans.factory.support.AbstractAutowireCapableBeanFactory.createBeanInstance(AbstractAutowireCapableBeanFactory.java:1191)
	at org.springframework.beans.factory.support.AbstractAutowireCapableBeanFactory.doCreateBean(AbstractAutowireCapableBeanFactory.java:563)
	at org.springframework.beans.factory.support.AbstractAutowireCapableBeanFactory.createBean(AbstractAutowireCapableBeanFactory.java:523)
	at org.springframework.beans.factory.support.AbstractBeanFactory.lambda$doGetBean$0(AbstractBeanFactory.java:336)
	at org.springframework.beans.factory.support.DefaultSingletonBeanRegistry.getSingleton(DefaultSingletonBeanRegistry.java:307)
	at org.springframework.beans.factory.support.AbstractBeanFactory.doGetBean(AbstractBeanFactory.java:334)
	at org.springframework.beans.factory.support.AbstractBeanFactory.getBean(AbstractBeanFactory.java:199)
	at org.springframework.beans.factory.support.DefaultListableBeanFactory.doResolveDependency(DefaultListableBeanFactory.java:1573)
	at org.springframework.beans.factory.support.DefaultListableBeanFactory.resolveDependency(DefaultListableBeanFactory.java:1519)
	at org.springframework.beans.factory.support.ConstructorResolver.resolveAutowiredArgument(ConstructorResolver.java:913)
	at org.springframework.beans.factory.support.ConstructorResolver.createArgumentArray(ConstructorResolver.java:791)
	... 34 common frames omitted
Caused by: org.springframework.beans.BeanInstantiationException: Failed to instantiate [org.modelmapper.ModelMapper]: Factory method 'customerMapper' threw exception with message: ModelMapper configuration errors:

1) Not able to skip customerType., because there are already nested properties are mapped: [customerType.description. customerType.id.]. Do you skip the property after the implicit mappings mapped? We recommended you to create an empty type map, and followed by addMappings and implicitMappings calls

1 error
	at org.springframework.beans.factory.support.SimpleInstantiationStrategy.lambda$instantiate$0(SimpleInstantiationStrategy.java:199)
	at org.springframework.beans.factory.support.SimpleInstantiationStrategy.instantiateWithFactoryMethod(SimpleInstantiationStrategy.java:88)
	at org.springframework.beans.factory.support.SimpleInstantiationStrategy.instantiate(SimpleInstantiationStrategy.java:168)
	at org.springframework.beans.factory.support.ConstructorResolver.instantiate(ConstructorResolver.java:653)
	... 47 common frames omitted
Caused by: org.modelmapper.ConfigurationException: ModelMapper configuration errors:

1) Not able to skip customerType., because there are already nested properties are mapped: [customerType.description. customerType.id.]. Do you skip the property after the implicit mappings mapped? We recommended you to create an empty type map, and followed by addMappings and implicitMappings calls

1 error
	at org.modelmapper.internal.Errors.throwConfigurationExceptionIfErrorsExist(Errors.java:240)
	at org.modelmapper.internal.ReferenceMapExpressionImpl.skipMapping(ReferenceMapExpressionImpl.java:90)
	at org.modelmapper.internal.ReferenceMapExpressionImpl.map(ReferenceMapExpressionImpl.java:68)
	at org.modelmapper.internal.TypeMapImpl.addMapping(TypeMapImpl.java:260)
	at com.bootcamp.btmscustomers.config.MapperConfig.customerMapper(MapperConfig.java:31)
	at com.bootcamp.btmscustomers.config.MapperConfig$$SpringCGLIB$$0.CGLIB$customerMapper$1(<generated>)
	at com.bootcamp.btmscustomers.config.MapperConfig$$SpringCGLIB$$FastClass$$1.invoke(<generated>)
	at org.springframework.cglib.proxy.MethodProxy.invokeSuper(MethodProxy.java:258)
	at org.springframework.context.annotation.ConfigurationClassEnhancer$BeanMethodInterceptor.intercept(ConfigurationClassEnhancer.java:348)
	at com.bootcamp.btmscustomers.config.MapperConfig$$SpringCGLIB$$0.customerMapper(<generated>)
	at java.base/jdk.internal.reflect.NativeMethodAccessorImpl.invoke0(Native Method)
	at java.base/jdk.internal.reflect.NativeMethodAccessorImpl.invoke(NativeMethodAccessorImpl.java:77)
	at java.base/jdk.internal.reflect.DelegatingMethodAccessorImpl.invoke(DelegatingMethodAccessorImpl.java:43)
	at java.base/java.lang.reflect.Method.invoke(Method.java:568)
	at org.springframework.beans.factory.support.SimpleInstantiationStrategy.lambda$instantiate$0(SimpleInstantiationStrategy.java:171)
	... 50 common frames omitted
2025-02-22 18:59:22.356 [background-preinit] INFO  o.h.validator.internal.util.Version - HV000001: Hibernate Validator 8.0.2.Final
2025-02-22 18:59:22.904 [main] INFO  o.s.c.c.c.ConfigServicePropertySourceLocator - Fetching config from server at : http://localhost:9001
2025-02-22 18:59:23.014 [main] INFO  o.s.c.c.c.ConfigServicePropertySourceLocator - Located environment: name=bt-ms-customers, profiles=[dev], label=null, version=e374c450d24cd57145ec56f3d3a5646d3ff91137, state=
2025-02-22 18:59:23.014 [main] INFO  o.s.c.b.c.PropertySourceBootstrapConfiguration - Located property source: [BootstrapPropertySource {name='bootstrapProperties-configClient'}, BootstrapPropertySource {name='bootstrapProperties-https://github.com/AldoSBou/BootcampConfigServerFiles/bt-ms-customers-dev.yml'}]
2025-02-22 18:59:23.018 [main] INFO  c.b.b.MsCustomersApplication - No active profile set, falling back to 1 default profile: "default"
2025-02-22 18:59:23.285 [main] INFO  o.s.d.r.c.RepositoryConfigurationDelegate - Bootstrapping Spring Data Reactive MongoDB repositories in DEFAULT mode.
2025-02-22 18:59:23.374 [main] INFO  o.s.d.r.c.RepositoryConfigurationDelegate - Finished Spring Data repository scanning in 83 ms. Found 3 Reactive MongoDB repository interfaces.
2025-02-22 18:59:23.514 [main] INFO  o.s.cloud.context.scope.GenericScope - BeanFactory id=cd773bd4-dba9-348c-b022-3cdac4348cfc
2025-02-22 18:59:24.185 [main] INFO  org.mongodb.driver.client - MongoClient with metadata {"driver": {"name": "mongo-java-driver|reactive-streams|spring-boot", "version": "5.2.1"}, "os": {"type": "Windows", "name": "Windows 10", "architecture": "amd64", "version": "10.0"}, "platform": "Java/Oracle Corporation/17.0.12+8-LTS-286"} created with settings MongoClientSettings{readPreference=primary, writeConcern=WriteConcern{w=null, wTimeout=null ms, journal=null}, retryWrites=true, retryReads=true, readConcern=ReadConcern{level=null}, credential=null, transportSettings=NettyTransportSettings{eventLoopGroup=io.netty.channel.nio.NioEventLoopGroup@120411ec, socketChannelClass=null, allocator=null, sslContext=null}, commandListeners=[], codecRegistry=ProvidersCodecRegistry{codecProviders=[ValueCodecProvider{}, BsonValueCodecProvider{}, DBRefCodecProvider{}, DBObjectCodecProvider{}, DocumentCodecProvider{}, CollectionCodecProvider{}, IterableCodecProvider{}, MapCodecProvider{}, GeoJsonCodecProvider{}, GridFSFileCodecProvider{}, Jsr310CodecProvider{}, JsonObjectCodecProvider{}, BsonCodecProvider{}, EnumCodecProvider{}, com.mongodb.client.model.mql.ExpressionCodecProvider@6cc8adff, com.mongodb.Jep395RecordCodecProvider@6b2e9db2, com.mongodb.KotlinCodecProvider@280d5a82]}, loggerSettings=LoggerSettings{maxDocumentLength=1000}, clusterSettings={hosts=[localhost:27017], srvServiceName=mongodb, mode=SINGLE, requiredClusterType=UNKNOWN, requiredReplicaSetName='null', serverSelector='null', clusterListeners='[]', serverSelectionTimeout='30000 ms', localThreshold='15 ms'}, socketSettings=SocketSettings{connectTimeoutMS=10000, readTimeoutMS=0, receiveBufferSize=0, proxySettings=ProxySettings{host=null, port=null, username=null, password=null}}, heartbeatSocketSettings=SocketSettings{connectTimeoutMS=10000, readTimeoutMS=10000, receiveBufferSize=0, proxySettings=ProxySettings{host=null, port=null, username=null, password=null}}, connectionPoolSettings=ConnectionPoolSettings{maxSize=100, minSize=0, maxWaitTimeMS=120000, maxConnectionLifeTimeMS=0, maxConnectionIdleTimeMS=0, maintenanceInitialDelayMS=0, maintenanceFrequencyMS=60000, connectionPoolListeners=[], maxConnecting=2}, serverSettings=ServerSettings{heartbeatFrequencyMS=10000, minHeartbeatFrequencyMS=500, serverMonitoringMode=AUTO, serverListeners='[]', serverMonitorListeners='[]'}, sslSettings=SslSettings{enabled=false, invalidHostNameAllowed=false, context=null}, applicationName='null', compressorList=[], uuidRepresentation=JAVA_LEGACY, serverApi=null, autoEncryptionSettings=null, dnsClient=null, inetAddressResolver=null, contextProvider=null, timeoutMS=null}
2025-02-22 18:59:24.312 [cluster-ClusterId{value='67ba64dcf5fa5d1ddecee7f4', description='null'}-localhost:27017] INFO  org.mongodb.driver.cluster - Monitor thread successfully connected to server with description ServerDescription{address=localhost:27017, type=STANDALONE, cryptd=false, state=CONNECTED, ok=true, minWireVersion=0, maxWireVersion=25, maxDocumentSize=16777216, logicalSessionTimeoutMinutes=30, roundTripTimeNanos=36635400, minRoundTripTimeNanos=0}
2025-02-22 18:59:24.749 [main] WARN  o.s.b.w.r.c.AnnotationConfigReactiveWebServerApplicationContext - Exception encountered during context initialization - cancelling refresh attempt: org.springframework.beans.factory.UnsatisfiedDependencyException: Error creating bean with name 'customerController' defined in file [C:\Users\asuarbou\Desktop\Proyectos Semanales\Entregable 1\bootcamp-ms-customers\bt-ms-customers\target\classes\com\bootcamp\btmscustomers\controller\CustomerController.class]: Unsatisfied dependency expressed through constructor parameter 1: Error creating bean with name 'mapperCustomer' defined in file [C:\Users\asuarbou\Desktop\Proyectos Semanales\Entregable 1\bootcamp-ms-customers\bt-ms-customers\target\classes\com\bootcamp\btmscustomers\mapper\MapperCustomer.class]: Unsatisfied dependency expressed through constructor parameter 0: Error creating bean with name 'customerMapper' defined in class path resource [com/bootcamp/btmscustomers/config/MapperConfig.class]: Failed to instantiate [org.modelmapper.ModelMapper]: Factory method 'customerMapper' threw exception with message: ModelMapper configuration errors:

1) Not able to skip customerType., because there are already nested properties are mapped: [customerType.description. customerType.id.]. Do you skip the property after the implicit mappings mapped? We recommended you to create an empty type map, and followed by addMappings and implicitMappings calls

1 error
2025-02-22 18:59:26.845 [main] INFO  o.s.b.a.l.ConditionEvaluationReportLogger - 

Error starting ApplicationContext. To display the condition evaluation report re-run your application with 'debug' enabled.
2025-02-22 18:59:26.857 [main] ERROR o.s.boot.SpringApplication - Application run failed
org.springframework.beans.factory.UnsatisfiedDependencyException: Error creating bean with name 'customerController' defined in file [C:\Users\asuarbou\Desktop\Proyectos Semanales\Entregable 1\bootcamp-ms-customers\bt-ms-customers\target\classes\com\bootcamp\btmscustomers\controller\CustomerController.class]: Unsatisfied dependency expressed through constructor parameter 1: Error creating bean with name 'mapperCustomer' defined in file [C:\Users\asuarbou\Desktop\Proyectos Semanales\Entregable 1\bootcamp-ms-customers\bt-ms-customers\target\classes\com\bootcamp\btmscustomers\mapper\MapperCustomer.class]: Unsatisfied dependency expressed through constructor parameter 0: Error creating bean with name 'customerMapper' defined in class path resource [com/bootcamp/btmscustomers/config/MapperConfig.class]: Failed to instantiate [org.modelmapper.ModelMapper]: Factory method 'customerMapper' threw exception with message: ModelMapper configuration errors:

1) Not able to skip customerType., because there are already nested properties are mapped: [customerType.description. customerType.id.]. Do you skip the property after the implicit mappings mapped? We recommended you to create an empty type map, and followed by addMappings and implicitMappings calls

1 error
	at org.springframework.beans.factory.support.ConstructorResolver.createArgumentArray(ConstructorResolver.java:804)
	at org.springframework.beans.factory.support.ConstructorResolver.autowireConstructor(ConstructorResolver.java:240)
	at org.springframework.beans.factory.support.AbstractAutowireCapableBeanFactory.autowireConstructor(AbstractAutowireCapableBeanFactory.java:1381)
	at org.springframework.beans.factory.support.AbstractAutowireCapableBeanFactory.createBeanInstance(AbstractAutowireCapableBeanFactory.java:1218)
	at org.springframework.beans.factory.support.AbstractAutowireCapableBeanFactory.doCreateBean(AbstractAutowireCapableBeanFactory.java:563)
	at org.springframework.beans.factory.support.AbstractAutowireCapableBeanFactory.createBean(AbstractAutowireCapableBeanFactory.java:523)
	at org.springframework.beans.factory.support.AbstractBeanFactory.lambda$doGetBean$0(AbstractBeanFactory.java:336)
	at org.springframework.beans.factory.support.DefaultSingletonBeanRegistry.getSingleton(DefaultSingletonBeanRegistry.java:307)
	at org.springframework.beans.factory.support.AbstractBeanFactory.doGetBean(AbstractBeanFactory.java:334)
	at org.springframework.beans.factory.support.AbstractBeanFactory.getBean(AbstractBeanFactory.java:199)
	at org.springframework.beans.factory.support.DefaultListableBeanFactory.instantiateSingleton(DefaultListableBeanFactory.java:1122)
	at org.springframework.beans.factory.support.DefaultListableBeanFactory.preInstantiateSingleton(DefaultListableBeanFactory.java:1093)
	at org.springframework.beans.factory.support.DefaultListableBeanFactory.preInstantiateSingletons(DefaultListableBeanFactory.java:1030)
	at org.springframework.context.support.AbstractApplicationContext.finishBeanFactoryInitialization(AbstractApplicationContext.java:987)
	at org.springframework.context.support.AbstractApplicationContext.refresh(AbstractApplicationContext.java:627)
	at org.springframework.boot.web.reactive.context.ReactiveWebServerApplicationContext.refresh(ReactiveWebServerApplicationContext.java:66)
	at org.springframework.boot.SpringApplication.refresh(SpringApplication.java:752)
	at org.springframework.boot.SpringApplication.refreshContext(SpringApplication.java:439)
	at org.springframework.boot.SpringApplication.run(SpringApplication.java:318)
	at org.springframework.boot.SpringApplication.run(SpringApplication.java:1361)
	at org.springframework.boot.SpringApplication.run(SpringApplication.java:1350)
	at com.bootcamp.btmscustomers.MsCustomersApplication.main(MsCustomersApplication.java:10)
Caused by: org.springframework.beans.factory.UnsatisfiedDependencyException: Error creating bean with name 'mapperCustomer' defined in file [C:\Users\asuarbou\Desktop\Proyectos Semanales\Entregable 1\bootcamp-ms-customers\bt-ms-customers\target\classes\com\bootcamp\btmscustomers\mapper\MapperCustomer.class]: Unsatisfied dependency expressed through constructor parameter 0: Error creating bean with name 'customerMapper' defined in class path resource [com/bootcamp/btmscustomers/config/MapperConfig.class]: Failed to instantiate [org.modelmapper.ModelMapper]: Factory method 'customerMapper' threw exception with message: ModelMapper configuration errors:

1) Not able to skip customerType., because there are already nested properties are mapped: [customerType.description. customerType.id.]. Do you skip the property after the implicit mappings mapped? We recommended you to create an empty type map, and followed by addMappings and implicitMappings calls

1 error
	at org.springframework.beans.factory.support.ConstructorResolver.createArgumentArray(ConstructorResolver.java:804)
	at org.springframework.beans.factory.support.ConstructorResolver.autowireConstructor(ConstructorResolver.java:240)
	at org.springframework.beans.factory.support.AbstractAutowireCapableBeanFactory.autowireConstructor(AbstractAutowireCapableBeanFactory.java:1381)
	at org.springframework.beans.factory.support.AbstractAutowireCapableBeanFactory.createBeanInstance(AbstractAutowireCapableBeanFactory.java:1218)
	at org.springframework.beans.factory.support.AbstractAutowireCapableBeanFactory.doCreateBean(AbstractAutowireCapableBeanFactory.java:563)
	at org.springframework.beans.factory.support.AbstractAutowireCapableBeanFactory.createBean(AbstractAutowireCapableBeanFactory.java:523)
	at org.springframework.beans.factory.support.AbstractBeanFactory.lambda$doGetBean$0(AbstractBeanFactory.java:336)
	at org.springframework.beans.factory.support.DefaultSingletonBeanRegistry.getSingleton(DefaultSingletonBeanRegistry.java:307)
	at org.springframework.beans.factory.support.AbstractBeanFactory.doGetBean(AbstractBeanFactory.java:334)
	at org.springframework.beans.factory.support.AbstractBeanFactory.getBean(AbstractBeanFactory.java:199)
	at org.springframework.beans.factory.support.DefaultListableBeanFactory.doResolveDependency(DefaultListableBeanFactory.java:1573)
	at org.springframework.beans.factory.support.DefaultListableBeanFactory.resolveDependency(DefaultListableBeanFactory.java:1519)
	at org.springframework.beans.factory.support.ConstructorResolver.resolveAutowiredArgument(ConstructorResolver.java:913)
	at org.springframework.beans.factory.support.ConstructorResolver.createArgumentArray(ConstructorResolver.java:791)
	... 21 common frames omitted
Caused by: org.springframework.beans.factory.BeanCreationException: Error creating bean with name 'customerMapper' defined in class path resource [com/bootcamp/btmscustomers/config/MapperConfig.class]: Failed to instantiate [org.modelmapper.ModelMapper]: Factory method 'customerMapper' threw exception with message: ModelMapper configuration errors:

1) Not able to skip customerType., because there are already nested properties are mapped: [customerType.description. customerType.id.]. Do you skip the property after the implicit mappings mapped? We recommended you to create an empty type map, and followed by addMappings and implicitMappings calls

1 error
	at org.springframework.beans.factory.support.ConstructorResolver.instantiate(ConstructorResolver.java:657)
	at org.springframework.beans.factory.support.ConstructorResolver.instantiateUsingFactoryMethod(ConstructorResolver.java:489)
	at org.springframework.beans.factory.support.AbstractAutowireCapableBeanFactory.instantiateUsingFactoryMethod(AbstractAutowireCapableBeanFactory.java:1361)
	at org.springframework.beans.factory.support.AbstractAutowireCapableBeanFactory.createBeanInstance(AbstractAutowireCapableBeanFactory.java:1191)
	at org.springframework.beans.factory.support.AbstractAutowireCapableBeanFactory.doCreateBean(AbstractAutowireCapableBeanFactory.java:563)
	at org.springframework.beans.factory.support.AbstractAutowireCapableBeanFactory.createBean(AbstractAutowireCapableBeanFactory.java:523)
	at org.springframework.beans.factory.support.AbstractBeanFactory.lambda$doGetBean$0(AbstractBeanFactory.java:336)
	at org.springframework.beans.factory.support.DefaultSingletonBeanRegistry.getSingleton(DefaultSingletonBeanRegistry.java:307)
	at org.springframework.beans.factory.support.AbstractBeanFactory.doGetBean(AbstractBeanFactory.java:334)
	at org.springframework.beans.factory.support.AbstractBeanFactory.getBean(AbstractBeanFactory.java:199)
	at org.springframework.beans.factory.support.DefaultListableBeanFactory.doResolveDependency(DefaultListableBeanFactory.java:1573)
	at org.springframework.beans.factory.support.DefaultListableBeanFactory.resolveDependency(DefaultListableBeanFactory.java:1519)
	at org.springframework.beans.factory.support.ConstructorResolver.resolveAutowiredArgument(ConstructorResolver.java:913)
	at org.springframework.beans.factory.support.ConstructorResolver.createArgumentArray(ConstructorResolver.java:791)
	... 34 common frames omitted
Caused by: org.springframework.beans.BeanInstantiationException: Failed to instantiate [org.modelmapper.ModelMapper]: Factory method 'customerMapper' threw exception with message: ModelMapper configuration errors:

1) Not able to skip customerType., because there are already nested properties are mapped: [customerType.description. customerType.id.]. Do you skip the property after the implicit mappings mapped? We recommended you to create an empty type map, and followed by addMappings and implicitMappings calls

1 error
	at org.springframework.beans.factory.support.SimpleInstantiationStrategy.lambda$instantiate$0(SimpleInstantiationStrategy.java:199)
	at org.springframework.beans.factory.support.SimpleInstantiationStrategy.instantiateWithFactoryMethod(SimpleInstantiationStrategy.java:88)
	at org.springframework.beans.factory.support.SimpleInstantiationStrategy.instantiate(SimpleInstantiationStrategy.java:168)
	at org.springframework.beans.factory.support.ConstructorResolver.instantiate(ConstructorResolver.java:653)
	... 47 common frames omitted
Caused by: org.modelmapper.ConfigurationException: ModelMapper configuration errors:

1) Not able to skip customerType., because there are already nested properties are mapped: [customerType.description. customerType.id.]. Do you skip the property after the implicit mappings mapped? We recommended you to create an empty type map, and followed by addMappings and implicitMappings calls

1 error
	at org.modelmapper.internal.Errors.throwConfigurationExceptionIfErrorsExist(Errors.java:240)
	at org.modelmapper.internal.ReferenceMapExpressionImpl.skipMapping(ReferenceMapExpressionImpl.java:90)
	at org.modelmapper.internal.ReferenceMapExpressionImpl.map(ReferenceMapExpressionImpl.java:68)
	at org.modelmapper.internal.TypeMapImpl.addMapping(TypeMapImpl.java:260)
	at com.bootcamp.btmscustomers.config.MapperConfig.customerMapper(MapperConfig.java:31)
	at com.bootcamp.btmscustomers.config.MapperConfig$$SpringCGLIB$$0.CGLIB$customerMapper$1(<generated>)
	at com.bootcamp.btmscustomers.config.MapperConfig$$SpringCGLIB$$FastClass$$1.invoke(<generated>)
	at org.springframework.cglib.proxy.MethodProxy.invokeSuper(MethodProxy.java:258)
	at org.springframework.context.annotation.ConfigurationClassEnhancer$BeanMethodInterceptor.intercept(ConfigurationClassEnhancer.java:348)
	at com.bootcamp.btmscustomers.config.MapperConfig$$SpringCGLIB$$0.customerMapper(<generated>)
	at java.base/jdk.internal.reflect.NativeMethodAccessorImpl.invoke0(Native Method)
	at java.base/jdk.internal.reflect.NativeMethodAccessorImpl.invoke(NativeMethodAccessorImpl.java:77)
	at java.base/jdk.internal.reflect.DelegatingMethodAccessorImpl.invoke(DelegatingMethodAccessorImpl.java:43)
	at java.base/java.lang.reflect.Method.invoke(Method.java:568)
	at org.springframework.beans.factory.support.SimpleInstantiationStrategy.lambda$instantiate$0(SimpleInstantiationStrategy.java:171)
	... 50 common frames omitted
2025-02-22 19:00:21.486 [background-preinit] INFO  o.h.validator.internal.util.Version - HV000001: Hibernate Validator 8.0.2.Final
2025-02-22 19:00:22.045 [main] INFO  o.s.c.c.c.ConfigServicePropertySourceLocator - Fetching config from server at : http://localhost:9001
2025-02-22 19:00:24.428 [main] INFO  o.s.c.c.c.ConfigServicePropertySourceLocator - Located environment: name=bt-ms-customers, profiles=[dev], label=null, version=e374c450d24cd57145ec56f3d3a5646d3ff91137, state=
2025-02-22 19:00:24.429 [main] INFO  o.s.c.b.c.PropertySourceBootstrapConfiguration - Located property source: [BootstrapPropertySource {name='bootstrapProperties-configClient'}, BootstrapPropertySource {name='bootstrapProperties-https://github.com/AldoSBou/BootcampConfigServerFiles/bt-ms-customers-dev.yml'}]
2025-02-22 19:00:24.433 [main] INFO  c.b.b.MsCustomersApplication - No active profile set, falling back to 1 default profile: "default"
2025-02-22 19:00:24.683 [main] INFO  o.s.d.r.c.RepositoryConfigurationDelegate - Bootstrapping Spring Data Reactive MongoDB repositories in DEFAULT mode.
2025-02-22 19:00:24.781 [main] INFO  o.s.d.r.c.RepositoryConfigurationDelegate - Finished Spring Data repository scanning in 92 ms. Found 3 Reactive MongoDB repository interfaces.
2025-02-22 19:00:24.980 [main] INFO  o.s.cloud.context.scope.GenericScope - BeanFactory id=cd773bd4-dba9-348c-b022-3cdac4348cfc
2025-02-22 19:00:25.673 [main] INFO  org.mongodb.driver.client - MongoClient with metadata {"driver": {"name": "mongo-java-driver|reactive-streams|spring-boot", "version": "5.2.1"}, "os": {"type": "Windows", "name": "Windows 10", "architecture": "amd64", "version": "10.0"}, "platform": "Java/Oracle Corporation/17.0.12+8-LTS-286"} created with settings MongoClientSettings{readPreference=primary, writeConcern=WriteConcern{w=null, wTimeout=null ms, journal=null}, retryWrites=true, retryReads=true, readConcern=ReadConcern{level=null}, credential=null, transportSettings=NettyTransportSettings{eventLoopGroup=io.netty.channel.nio.NioEventLoopGroup@120411ec, socketChannelClass=null, allocator=null, sslContext=null}, commandListeners=[], codecRegistry=ProvidersCodecRegistry{codecProviders=[ValueCodecProvider{}, BsonValueCodecProvider{}, DBRefCodecProvider{}, DBObjectCodecProvider{}, DocumentCodecProvider{}, CollectionCodecProvider{}, IterableCodecProvider{}, MapCodecProvider{}, GeoJsonCodecProvider{}, GridFSFileCodecProvider{}, Jsr310CodecProvider{}, JsonObjectCodecProvider{}, BsonCodecProvider{}, EnumCodecProvider{}, com.mongodb.client.model.mql.ExpressionCodecProvider@6cc8adff, com.mongodb.Jep395RecordCodecProvider@6b2e9db2, com.mongodb.KotlinCodecProvider@280d5a82]}, loggerSettings=LoggerSettings{maxDocumentLength=1000}, clusterSettings={hosts=[localhost:27017], srvServiceName=mongodb, mode=SINGLE, requiredClusterType=UNKNOWN, requiredReplicaSetName='null', serverSelector='null', clusterListeners='[]', serverSelectionTimeout='30000 ms', localThreshold='15 ms'}, socketSettings=SocketSettings{connectTimeoutMS=10000, readTimeoutMS=0, receiveBufferSize=0, proxySettings=ProxySettings{host=null, port=null, username=null, password=null}}, heartbeatSocketSettings=SocketSettings{connectTimeoutMS=10000, readTimeoutMS=10000, receiveBufferSize=0, proxySettings=ProxySettings{host=null, port=null, username=null, password=null}}, connectionPoolSettings=ConnectionPoolSettings{maxSize=100, minSize=0, maxWaitTimeMS=120000, maxConnectionLifeTimeMS=0, maxConnectionIdleTimeMS=0, maintenanceInitialDelayMS=0, maintenanceFrequencyMS=60000, connectionPoolListeners=[], maxConnecting=2}, serverSettings=ServerSettings{heartbeatFrequencyMS=10000, minHeartbeatFrequencyMS=500, serverMonitoringMode=AUTO, serverListeners='[]', serverMonitorListeners='[]'}, sslSettings=SslSettings{enabled=false, invalidHostNameAllowed=false, context=null}, applicationName='null', compressorList=[], uuidRepresentation=JAVA_LEGACY, serverApi=null, autoEncryptionSettings=null, dnsClient=null, inetAddressResolver=null, contextProvider=null, timeoutMS=null}
2025-02-22 19:00:25.799 [cluster-ClusterId{value='67ba6519a11bd40ca432165d', description='null'}-localhost:27017] INFO  org.mongodb.driver.cluster - Monitor thread successfully connected to server with description ServerDescription{address=localhost:27017, type=STANDALONE, cryptd=false, state=CONNECTED, ok=true, minWireVersion=0, maxWireVersion=25, maxDocumentSize=16777216, logicalSessionTimeoutMinutes=30, roundTripTimeNanos=44207300, minRoundTripTimeNanos=0}
2025-02-22 19:00:26.261 [main] WARN  o.s.b.w.r.c.AnnotationConfigReactiveWebServerApplicationContext - Exception encountered during context initialization - cancelling refresh attempt: org.springframework.beans.factory.UnsatisfiedDependencyException: Error creating bean with name 'customerController' defined in file [C:\Users\asuarbou\Desktop\Proyectos Semanales\Entregable 1\bootcamp-ms-customers\bt-ms-customers\target\classes\com\bootcamp\btmscustomers\controller\CustomerController.class]: Unsatisfied dependency expressed through constructor parameter 1: Error creating bean with name 'mapperCustomer' defined in file [C:\Users\asuarbou\Desktop\Proyectos Semanales\Entregable 1\bootcamp-ms-customers\bt-ms-customers\target\classes\com\bootcamp\btmscustomers\mapper\MapperCustomer.class]: Unsatisfied dependency expressed through constructor parameter 0: Error creating bean with name 'customerMapper' defined in class path resource [com/bootcamp/btmscustomers/config/MapperConfig.class]: Failed to instantiate [org.modelmapper.ModelMapper]: Factory method 'customerMapper' threw exception with message: ModelMapper configuration errors:

1) Not able to skip customerType., because there are already nested properties are mapped: [customerType.description. customerType.id.]. Do you skip the property after the implicit mappings mapped? We recommended you to create an empty type map, and followed by addMappings and implicitMappings calls

1 error
2025-02-22 19:00:28.365 [main] INFO  o.s.b.a.l.ConditionEvaluationReportLogger - 

Error starting ApplicationContext. To display the condition evaluation report re-run your application with 'debug' enabled.
2025-02-22 19:00:28.378 [main] ERROR o.s.boot.SpringApplication - Application run failed
org.springframework.beans.factory.UnsatisfiedDependencyException: Error creating bean with name 'customerController' defined in file [C:\Users\asuarbou\Desktop\Proyectos Semanales\Entregable 1\bootcamp-ms-customers\bt-ms-customers\target\classes\com\bootcamp\btmscustomers\controller\CustomerController.class]: Unsatisfied dependency expressed through constructor parameter 1: Error creating bean with name 'mapperCustomer' defined in file [C:\Users\asuarbou\Desktop\Proyectos Semanales\Entregable 1\bootcamp-ms-customers\bt-ms-customers\target\classes\com\bootcamp\btmscustomers\mapper\MapperCustomer.class]: Unsatisfied dependency expressed through constructor parameter 0: Error creating bean with name 'customerMapper' defined in class path resource [com/bootcamp/btmscustomers/config/MapperConfig.class]: Failed to instantiate [org.modelmapper.ModelMapper]: Factory method 'customerMapper' threw exception with message: ModelMapper configuration errors:

1) Not able to skip customerType., because there are already nested properties are mapped: [customerType.description. customerType.id.]. Do you skip the property after the implicit mappings mapped? We recommended you to create an empty type map, and followed by addMappings and implicitMappings calls

1 error
	at org.springframework.beans.factory.support.ConstructorResolver.createArgumentArray(ConstructorResolver.java:804)
	at org.springframework.beans.factory.support.ConstructorResolver.autowireConstructor(ConstructorResolver.java:240)
	at org.springframework.beans.factory.support.AbstractAutowireCapableBeanFactory.autowireConstructor(AbstractAutowireCapableBeanFactory.java:1381)
	at org.springframework.beans.factory.support.AbstractAutowireCapableBeanFactory.createBeanInstance(AbstractAutowireCapableBeanFactory.java:1218)
	at org.springframework.beans.factory.support.AbstractAutowireCapableBeanFactory.doCreateBean(AbstractAutowireCapableBeanFactory.java:563)
	at org.springframework.beans.factory.support.AbstractAutowireCapableBeanFactory.createBean(AbstractAutowireCapableBeanFactory.java:523)
	at org.springframework.beans.factory.support.AbstractBeanFactory.lambda$doGetBean$0(AbstractBeanFactory.java:336)
	at org.springframework.beans.factory.support.DefaultSingletonBeanRegistry.getSingleton(DefaultSingletonBeanRegistry.java:307)
	at org.springframework.beans.factory.support.AbstractBeanFactory.doGetBean(AbstractBeanFactory.java:334)
	at org.springframework.beans.factory.support.AbstractBeanFactory.getBean(AbstractBeanFactory.java:199)
	at org.springframework.beans.factory.support.DefaultListableBeanFactory.instantiateSingleton(DefaultListableBeanFactory.java:1122)
	at org.springframework.beans.factory.support.DefaultListableBeanFactory.preInstantiateSingleton(DefaultListableBeanFactory.java:1093)
	at org.springframework.beans.factory.support.DefaultListableBeanFactory.preInstantiateSingletons(DefaultListableBeanFactory.java:1030)
	at org.springframework.context.support.AbstractApplicationContext.finishBeanFactoryInitialization(AbstractApplicationContext.java:987)
	at org.springframework.context.support.AbstractApplicationContext.refresh(AbstractApplicationContext.java:627)
	at org.springframework.boot.web.reactive.context.ReactiveWebServerApplicationContext.refresh(ReactiveWebServerApplicationContext.java:66)
	at org.springframework.boot.SpringApplication.refresh(SpringApplication.java:752)
	at org.springframework.boot.SpringApplication.refreshContext(SpringApplication.java:439)
	at org.springframework.boot.SpringApplication.run(SpringApplication.java:318)
	at org.springframework.boot.SpringApplication.run(SpringApplication.java:1361)
	at org.springframework.boot.SpringApplication.run(SpringApplication.java:1350)
	at com.bootcamp.btmscustomers.MsCustomersApplication.main(MsCustomersApplication.java:10)
Caused by: org.springframework.beans.factory.UnsatisfiedDependencyException: Error creating bean with name 'mapperCustomer' defined in file [C:\Users\asuarbou\Desktop\Proyectos Semanales\Entregable 1\bootcamp-ms-customers\bt-ms-customers\target\classes\com\bootcamp\btmscustomers\mapper\MapperCustomer.class]: Unsatisfied dependency expressed through constructor parameter 0: Error creating bean with name 'customerMapper' defined in class path resource [com/bootcamp/btmscustomers/config/MapperConfig.class]: Failed to instantiate [org.modelmapper.ModelMapper]: Factory method 'customerMapper' threw exception with message: ModelMapper configuration errors:

1) Not able to skip customerType., because there are already nested properties are mapped: [customerType.description. customerType.id.]. Do you skip the property after the implicit mappings mapped? We recommended you to create an empty type map, and followed by addMappings and implicitMappings calls

1 error
	at org.springframework.beans.factory.support.ConstructorResolver.createArgumentArray(ConstructorResolver.java:804)
	at org.springframework.beans.factory.support.ConstructorResolver.autowireConstructor(ConstructorResolver.java:240)
	at org.springframework.beans.factory.support.AbstractAutowireCapableBeanFactory.autowireConstructor(AbstractAutowireCapableBeanFactory.java:1381)
	at org.springframework.beans.factory.support.AbstractAutowireCapableBeanFactory.createBeanInstance(AbstractAutowireCapableBeanFactory.java:1218)
	at org.springframework.beans.factory.support.AbstractAutowireCapableBeanFactory.doCreateBean(AbstractAutowireCapableBeanFactory.java:563)
	at org.springframework.beans.factory.support.AbstractAutowireCapableBeanFactory.createBean(AbstractAutowireCapableBeanFactory.java:523)
	at org.springframework.beans.factory.support.AbstractBeanFactory.lambda$doGetBean$0(AbstractBeanFactory.java:336)
	at org.springframework.beans.factory.support.DefaultSingletonBeanRegistry.getSingleton(DefaultSingletonBeanRegistry.java:307)
	at org.springframework.beans.factory.support.AbstractBeanFactory.doGetBean(AbstractBeanFactory.java:334)
	at org.springframework.beans.factory.support.AbstractBeanFactory.getBean(AbstractBeanFactory.java:199)
	at org.springframework.beans.factory.support.DefaultListableBeanFactory.doResolveDependency(DefaultListableBeanFactory.java:1573)
	at org.springframework.beans.factory.support.DefaultListableBeanFactory.resolveDependency(DefaultListableBeanFactory.java:1519)
	at org.springframework.beans.factory.support.ConstructorResolver.resolveAutowiredArgument(ConstructorResolver.java:913)
	at org.springframework.beans.factory.support.ConstructorResolver.createArgumentArray(ConstructorResolver.java:791)
	... 21 common frames omitted
Caused by: org.springframework.beans.factory.BeanCreationException: Error creating bean with name 'customerMapper' defined in class path resource [com/bootcamp/btmscustomers/config/MapperConfig.class]: Failed to instantiate [org.modelmapper.ModelMapper]: Factory method 'customerMapper' threw exception with message: ModelMapper configuration errors:

1) Not able to skip customerType., because there are already nested properties are mapped: [customerType.description. customerType.id.]. Do you skip the property after the implicit mappings mapped? We recommended you to create an empty type map, and followed by addMappings and implicitMappings calls

1 error
	at org.springframework.beans.factory.support.ConstructorResolver.instantiate(ConstructorResolver.java:657)
	at org.springframework.beans.factory.support.ConstructorResolver.instantiateUsingFactoryMethod(ConstructorResolver.java:489)
	at org.springframework.beans.factory.support.AbstractAutowireCapableBeanFactory.instantiateUsingFactoryMethod(AbstractAutowireCapableBeanFactory.java:1361)
	at org.springframework.beans.factory.support.AbstractAutowireCapableBeanFactory.createBeanInstance(AbstractAutowireCapableBeanFactory.java:1191)
	at org.springframework.beans.factory.support.AbstractAutowireCapableBeanFactory.doCreateBean(AbstractAutowireCapableBeanFactory.java:563)
	at org.springframework.beans.factory.support.AbstractAutowireCapableBeanFactory.createBean(AbstractAutowireCapableBeanFactory.java:523)
	at org.springframework.beans.factory.support.AbstractBeanFactory.lambda$doGetBean$0(AbstractBeanFactory.java:336)
	at org.springframework.beans.factory.support.DefaultSingletonBeanRegistry.getSingleton(DefaultSingletonBeanRegistry.java:307)
	at org.springframework.beans.factory.support.AbstractBeanFactory.doGetBean(AbstractBeanFactory.java:334)
	at org.springframework.beans.factory.support.AbstractBeanFactory.getBean(AbstractBeanFactory.java:199)
	at org.springframework.beans.factory.support.DefaultListableBeanFactory.doResolveDependency(DefaultListableBeanFactory.java:1573)
	at org.springframework.beans.factory.support.DefaultListableBeanFactory.resolveDependency(DefaultListableBeanFactory.java:1519)
	at org.springframework.beans.factory.support.ConstructorResolver.resolveAutowiredArgument(ConstructorResolver.java:913)
	at org.springframework.beans.factory.support.ConstructorResolver.createArgumentArray(ConstructorResolver.java:791)
	... 34 common frames omitted
Caused by: org.springframework.beans.BeanInstantiationException: Failed to instantiate [org.modelmapper.ModelMapper]: Factory method 'customerMapper' threw exception with message: ModelMapper configuration errors:

1) Not able to skip customerType., because there are already nested properties are mapped: [customerType.description. customerType.id.]. Do you skip the property after the implicit mappings mapped? We recommended you to create an empty type map, and followed by addMappings and implicitMappings calls

1 error
	at org.springframework.beans.factory.support.SimpleInstantiationStrategy.lambda$instantiate$0(SimpleInstantiationStrategy.java:199)
	at org.springframework.beans.factory.support.SimpleInstantiationStrategy.instantiateWithFactoryMethod(SimpleInstantiationStrategy.java:88)
	at org.springframework.beans.factory.support.SimpleInstantiationStrategy.instantiate(SimpleInstantiationStrategy.java:168)
	at org.springframework.beans.factory.support.ConstructorResolver.instantiate(ConstructorResolver.java:653)
	... 47 common frames omitted
Caused by: org.modelmapper.ConfigurationException: ModelMapper configuration errors:

1) Not able to skip customerType., because there are already nested properties are mapped: [customerType.description. customerType.id.]. Do you skip the property after the implicit mappings mapped? We recommended you to create an empty type map, and followed by addMappings and implicitMappings calls

1 error
	at org.modelmapper.internal.Errors.throwConfigurationExceptionIfErrorsExist(Errors.java:240)
	at org.modelmapper.internal.ReferenceMapExpressionImpl.skipMapping(ReferenceMapExpressionImpl.java:90)
	at org.modelmapper.internal.ReferenceMapExpressionImpl.map(ReferenceMapExpressionImpl.java:68)
	at org.modelmapper.internal.TypeMapImpl.addMapping(TypeMapImpl.java:260)
	at com.bootcamp.btmscustomers.config.MapperConfig.customerMapper(MapperConfig.java:31)
	at com.bootcamp.btmscustomers.config.MapperConfig$$SpringCGLIB$$0.CGLIB$customerMapper$0(<generated>)
	at com.bootcamp.btmscustomers.config.MapperConfig$$SpringCGLIB$$FastClass$$1.invoke(<generated>)
	at org.springframework.cglib.proxy.MethodProxy.invokeSuper(MethodProxy.java:258)
	at org.springframework.context.annotation.ConfigurationClassEnhancer$BeanMethodInterceptor.intercept(ConfigurationClassEnhancer.java:348)
	at com.bootcamp.btmscustomers.config.MapperConfig$$SpringCGLIB$$0.customerMapper(<generated>)
	at java.base/jdk.internal.reflect.NativeMethodAccessorImpl.invoke0(Native Method)
	at java.base/jdk.internal.reflect.NativeMethodAccessorImpl.invoke(NativeMethodAccessorImpl.java:77)
	at java.base/jdk.internal.reflect.DelegatingMethodAccessorImpl.invoke(DelegatingMethodAccessorImpl.java:43)
	at java.base/java.lang.reflect.Method.invoke(Method.java:568)
	at org.springframework.beans.factory.support.SimpleInstantiationStrategy.lambda$instantiate$0(SimpleInstantiationStrategy.java:171)
	... 50 common frames omitted
2025-02-22 19:00:48.984 [background-preinit] INFO  o.h.validator.internal.util.Version - HV000001: Hibernate Validator 8.0.2.Final
2025-02-22 19:00:49.536 [main] INFO  o.s.c.c.c.ConfigServicePropertySourceLocator - Fetching config from server at : http://localhost:9001
2025-02-22 19:00:51.898 [main] INFO  o.s.c.c.c.ConfigServicePropertySourceLocator - Located environment: name=bt-ms-customers, profiles=[dev], label=null, version=e374c450d24cd57145ec56f3d3a5646d3ff91137, state=
2025-02-22 19:00:51.899 [main] INFO  o.s.c.b.c.PropertySourceBootstrapConfiguration - Located property source: [BootstrapPropertySource {name='bootstrapProperties-configClient'}, BootstrapPropertySource {name='bootstrapProperties-https://github.com/AldoSBou/BootcampConfigServerFiles/bt-ms-customers-dev.yml'}]
2025-02-22 19:00:51.905 [main] INFO  c.b.b.MsCustomersApplication - No active profile set, falling back to 1 default profile: "default"
2025-02-22 19:00:52.172 [main] INFO  o.s.d.r.c.RepositoryConfigurationDelegate - Bootstrapping Spring Data Reactive MongoDB repositories in DEFAULT mode.
2025-02-22 19:00:52.269 [main] INFO  o.s.d.r.c.RepositoryConfigurationDelegate - Finished Spring Data repository scanning in 92 ms. Found 3 Reactive MongoDB repository interfaces.
2025-02-22 19:00:52.409 [main] INFO  o.s.cloud.context.scope.GenericScope - BeanFactory id=cd773bd4-dba9-348c-b022-3cdac4348cfc
2025-02-22 19:00:53.069 [main] INFO  org.mongodb.driver.client - MongoClient with metadata {"driver": {"name": "mongo-java-driver|reactive-streams|spring-boot", "version": "5.2.1"}, "os": {"type": "Windows", "name": "Windows 10", "architecture": "amd64", "version": "10.0"}, "platform": "Java/Oracle Corporation/17.0.12+8-LTS-286"} created with settings MongoClientSettings{readPreference=primary, writeConcern=WriteConcern{w=null, wTimeout=null ms, journal=null}, retryWrites=true, retryReads=true, readConcern=ReadConcern{level=null}, credential=null, transportSettings=NettyTransportSettings{eventLoopGroup=io.netty.channel.nio.NioEventLoopGroup@280d5a82, socketChannelClass=null, allocator=null, sslContext=null}, commandListeners=[], codecRegistry=ProvidersCodecRegistry{codecProviders=[ValueCodecProvider{}, BsonValueCodecProvider{}, DBRefCodecProvider{}, DBObjectCodecProvider{}, DocumentCodecProvider{}, CollectionCodecProvider{}, IterableCodecProvider{}, MapCodecProvider{}, GeoJsonCodecProvider{}, GridFSFileCodecProvider{}, Jsr310CodecProvider{}, JsonObjectCodecProvider{}, BsonCodecProvider{}, EnumCodecProvider{}, com.mongodb.client.model.mql.ExpressionCodecProvider@1a34a51e, com.mongodb.Jep395RecordCodecProvider@333a44f2, com.mongodb.KotlinCodecProvider@2c668c2a]}, loggerSettings=LoggerSettings{maxDocumentLength=1000}, clusterSettings={hosts=[localhost:27017], srvServiceName=mongodb, mode=SINGLE, requiredClusterType=UNKNOWN, requiredReplicaSetName='null', serverSelector='null', clusterListeners='[]', serverSelectionTimeout='30000 ms', localThreshold='15 ms'}, socketSettings=SocketSettings{connectTimeoutMS=10000, readTimeoutMS=0, receiveBufferSize=0, proxySettings=ProxySettings{host=null, port=null, username=null, password=null}}, heartbeatSocketSettings=SocketSettings{connectTimeoutMS=10000, readTimeoutMS=10000, receiveBufferSize=0, proxySettings=ProxySettings{host=null, port=null, username=null, password=null}}, connectionPoolSettings=ConnectionPoolSettings{maxSize=100, minSize=0, maxWaitTimeMS=120000, maxConnectionLifeTimeMS=0, maxConnectionIdleTimeMS=0, maintenanceInitialDelayMS=0, maintenanceFrequencyMS=60000, connectionPoolListeners=[], maxConnecting=2}, serverSettings=ServerSettings{heartbeatFrequencyMS=10000, minHeartbeatFrequencyMS=500, serverMonitoringMode=AUTO, serverListeners='[]', serverMonitorListeners='[]'}, sslSettings=SslSettings{enabled=false, invalidHostNameAllowed=false, context=null}, applicationName='null', compressorList=[], uuidRepresentation=JAVA_LEGACY, serverApi=null, autoEncryptionSettings=null, dnsClient=null, inetAddressResolver=null, contextProvider=null, timeoutMS=null}
2025-02-22 19:00:53.187 [cluster-ClusterId{value='67ba6535dc76ef4700794339', description='null'}-localhost:27017] INFO  org.mongodb.driver.cluster - Monitor thread successfully connected to server with description ServerDescription{address=localhost:27017, type=STANDALONE, cryptd=false, state=CONNECTED, ok=true, minWireVersion=0, maxWireVersion=25, maxDocumentSize=16777216, logicalSessionTimeoutMinutes=30, roundTripTimeNanos=33634600, minRoundTripTimeNanos=0}
2025-02-22 19:00:53.622 [main] WARN  o.s.b.w.r.c.AnnotationConfigReactiveWebServerApplicationContext - Exception encountered during context initialization - cancelling refresh attempt: org.springframework.beans.factory.UnsatisfiedDependencyException: Error creating bean with name 'customerController' defined in file [C:\Users\asuarbou\Desktop\Proyectos Semanales\Entregable 1\bootcamp-ms-customers\bt-ms-customers\target\classes\com\bootcamp\btmscustomers\controller\CustomerController.class]: Unsatisfied dependency expressed through constructor parameter 1: Error creating bean with name 'mapperCustomer' defined in file [C:\Users\asuarbou\Desktop\Proyectos Semanales\Entregable 1\bootcamp-ms-customers\bt-ms-customers\target\classes\com\bootcamp\btmscustomers\mapper\MapperCustomer.class]: Unsatisfied dependency expressed through constructor parameter 0: Error creating bean with name 'customerMapper' defined in class path resource [com/bootcamp/btmscustomers/config/MapperConfig.class]: Failed to instantiate [org.modelmapper.ModelMapper]: Factory method 'customerMapper' threw exception with message: ModelMapper configuration errors:

1) Not able to skip customerType., because there are already nested properties are mapped: [customerType.description. customerType.id.]. Do you skip the property after the implicit mappings mapped? We recommended you to create an empty type map, and followed by addMappings and implicitMappings calls

1 error
2025-02-22 19:00:55.720 [main] INFO  o.s.b.a.l.ConditionEvaluationReportLogger - 

Error starting ApplicationContext. To display the condition evaluation report re-run your application with 'debug' enabled.
2025-02-22 19:00:55.734 [main] ERROR o.s.boot.SpringApplication - Application run failed
org.springframework.beans.factory.UnsatisfiedDependencyException: Error creating bean with name 'customerController' defined in file [C:\Users\asuarbou\Desktop\Proyectos Semanales\Entregable 1\bootcamp-ms-customers\bt-ms-customers\target\classes\com\bootcamp\btmscustomers\controller\CustomerController.class]: Unsatisfied dependency expressed through constructor parameter 1: Error creating bean with name 'mapperCustomer' defined in file [C:\Users\asuarbou\Desktop\Proyectos Semanales\Entregable 1\bootcamp-ms-customers\bt-ms-customers\target\classes\com\bootcamp\btmscustomers\mapper\MapperCustomer.class]: Unsatisfied dependency expressed through constructor parameter 0: Error creating bean with name 'customerMapper' defined in class path resource [com/bootcamp/btmscustomers/config/MapperConfig.class]: Failed to instantiate [org.modelmapper.ModelMapper]: Factory method 'customerMapper' threw exception with message: ModelMapper configuration errors:

1) Not able to skip customerType., because there are already nested properties are mapped: [customerType.description. customerType.id.]. Do you skip the property after the implicit mappings mapped? We recommended you to create an empty type map, and followed by addMappings and implicitMappings calls

1 error
	at org.springframework.beans.factory.support.ConstructorResolver.createArgumentArray(ConstructorResolver.java:804)
	at org.springframework.beans.factory.support.ConstructorResolver.autowireConstructor(ConstructorResolver.java:240)
	at org.springframework.beans.factory.support.AbstractAutowireCapableBeanFactory.autowireConstructor(AbstractAutowireCapableBeanFactory.java:1381)
	at org.springframework.beans.factory.support.AbstractAutowireCapableBeanFactory.createBeanInstance(AbstractAutowireCapableBeanFactory.java:1218)
	at org.springframework.beans.factory.support.AbstractAutowireCapableBeanFactory.doCreateBean(AbstractAutowireCapableBeanFactory.java:563)
	at org.springframework.beans.factory.support.AbstractAutowireCapableBeanFactory.createBean(AbstractAutowireCapableBeanFactory.java:523)
	at org.springframework.beans.factory.support.AbstractBeanFactory.lambda$doGetBean$0(AbstractBeanFactory.java:336)
	at org.springframework.beans.factory.support.DefaultSingletonBeanRegistry.getSingleton(DefaultSingletonBeanRegistry.java:307)
	at org.springframework.beans.factory.support.AbstractBeanFactory.doGetBean(AbstractBeanFactory.java:334)
	at org.springframework.beans.factory.support.AbstractBeanFactory.getBean(AbstractBeanFactory.java:199)
	at org.springframework.beans.factory.support.DefaultListableBeanFactory.instantiateSingleton(DefaultListableBeanFactory.java:1122)
	at org.springframework.beans.factory.support.DefaultListableBeanFactory.preInstantiateSingleton(DefaultListableBeanFactory.java:1093)
	at org.springframework.beans.factory.support.DefaultListableBeanFactory.preInstantiateSingletons(DefaultListableBeanFactory.java:1030)
	at org.springframework.context.support.AbstractApplicationContext.finishBeanFactoryInitialization(AbstractApplicationContext.java:987)
	at org.springframework.context.support.AbstractApplicationContext.refresh(AbstractApplicationContext.java:627)
	at org.springframework.boot.web.reactive.context.ReactiveWebServerApplicationContext.refresh(ReactiveWebServerApplicationContext.java:66)
	at org.springframework.boot.SpringApplication.refresh(SpringApplication.java:752)
	at org.springframework.boot.SpringApplication.refreshContext(SpringApplication.java:439)
	at org.springframework.boot.SpringApplication.run(SpringApplication.java:318)
	at org.springframework.boot.SpringApplication.run(SpringApplication.java:1361)
	at org.springframework.boot.SpringApplication.run(SpringApplication.java:1350)
	at com.bootcamp.btmscustomers.MsCustomersApplication.main(MsCustomersApplication.java:10)
Caused by: org.springframework.beans.factory.UnsatisfiedDependencyException: Error creating bean with name 'mapperCustomer' defined in file [C:\Users\asuarbou\Desktop\Proyectos Semanales\Entregable 1\bootcamp-ms-customers\bt-ms-customers\target\classes\com\bootcamp\btmscustomers\mapper\MapperCustomer.class]: Unsatisfied dependency expressed through constructor parameter 0: Error creating bean with name 'customerMapper' defined in class path resource [com/bootcamp/btmscustomers/config/MapperConfig.class]: Failed to instantiate [org.modelmapper.ModelMapper]: Factory method 'customerMapper' threw exception with message: ModelMapper configuration errors:

1) Not able to skip customerType., because there are already nested properties are mapped: [customerType.description. customerType.id.]. Do you skip the property after the implicit mappings mapped? We recommended you to create an empty type map, and followed by addMappings and implicitMappings calls

1 error
	at org.springframework.beans.factory.support.ConstructorResolver.createArgumentArray(ConstructorResolver.java:804)
	at org.springframework.beans.factory.support.ConstructorResolver.autowireConstructor(ConstructorResolver.java:240)
	at org.springframework.beans.factory.support.AbstractAutowireCapableBeanFactory.autowireConstructor(AbstractAutowireCapableBeanFactory.java:1381)
	at org.springframework.beans.factory.support.AbstractAutowireCapableBeanFactory.createBeanInstance(AbstractAutowireCapableBeanFactory.java:1218)
	at org.springframework.beans.factory.support.AbstractAutowireCapableBeanFactory.doCreateBean(AbstractAutowireCapableBeanFactory.java:563)
	at org.springframework.beans.factory.support.AbstractAutowireCapableBeanFactory.createBean(AbstractAutowireCapableBeanFactory.java:523)
	at org.springframework.beans.factory.support.AbstractBeanFactory.lambda$doGetBean$0(AbstractBeanFactory.java:336)
	at org.springframework.beans.factory.support.DefaultSingletonBeanRegistry.getSingleton(DefaultSingletonBeanRegistry.java:307)
	at org.springframework.beans.factory.support.AbstractBeanFactory.doGetBean(AbstractBeanFactory.java:334)
	at org.springframework.beans.factory.support.AbstractBeanFactory.getBean(AbstractBeanFactory.java:199)
	at org.springframework.beans.factory.support.DefaultListableBeanFactory.doResolveDependency(DefaultListableBeanFactory.java:1573)
	at org.springframework.beans.factory.support.DefaultListableBeanFactory.resolveDependency(DefaultListableBeanFactory.java:1519)
	at org.springframework.beans.factory.support.ConstructorResolver.resolveAutowiredArgument(ConstructorResolver.java:913)
	at org.springframework.beans.factory.support.ConstructorResolver.createArgumentArray(ConstructorResolver.java:791)
	... 21 common frames omitted
Caused by: org.springframework.beans.factory.BeanCreationException: Error creating bean with name 'customerMapper' defined in class path resource [com/bootcamp/btmscustomers/config/MapperConfig.class]: Failed to instantiate [org.modelmapper.ModelMapper]: Factory method 'customerMapper' threw exception with message: ModelMapper configuration errors:

1) Not able to skip customerType., because there are already nested properties are mapped: [customerType.description. customerType.id.]. Do you skip the property after the implicit mappings mapped? We recommended you to create an empty type map, and followed by addMappings and implicitMappings calls

1 error
	at org.springframework.beans.factory.support.ConstructorResolver.instantiate(ConstructorResolver.java:657)
	at org.springframework.beans.factory.support.ConstructorResolver.instantiateUsingFactoryMethod(ConstructorResolver.java:489)
	at org.springframework.beans.factory.support.AbstractAutowireCapableBeanFactory.instantiateUsingFactoryMethod(AbstractAutowireCapableBeanFactory.java:1361)
	at org.springframework.beans.factory.support.AbstractAutowireCapableBeanFactory.createBeanInstance(AbstractAutowireCapableBeanFactory.java:1191)
	at org.springframework.beans.factory.support.AbstractAutowireCapableBeanFactory.doCreateBean(AbstractAutowireCapableBeanFactory.java:563)
	at org.springframework.beans.factory.support.AbstractAutowireCapableBeanFactory.createBean(AbstractAutowireCapableBeanFactory.java:523)
	at org.springframework.beans.factory.support.AbstractBeanFactory.lambda$doGetBean$0(AbstractBeanFactory.java:336)
	at org.springframework.beans.factory.support.DefaultSingletonBeanRegistry.getSingleton(DefaultSingletonBeanRegistry.java:307)
	at org.springframework.beans.factory.support.AbstractBeanFactory.doGetBean(AbstractBeanFactory.java:334)
	at org.springframework.beans.factory.support.AbstractBeanFactory.getBean(AbstractBeanFactory.java:199)
	at org.springframework.beans.factory.support.DefaultListableBeanFactory.doResolveDependency(DefaultListableBeanFactory.java:1573)
	at org.springframework.beans.factory.support.DefaultListableBeanFactory.resolveDependency(DefaultListableBeanFactory.java:1519)
	at org.springframework.beans.factory.support.ConstructorResolver.resolveAutowiredArgument(ConstructorResolver.java:913)
	at org.springframework.beans.factory.support.ConstructorResolver.createArgumentArray(ConstructorResolver.java:791)
	... 34 common frames omitted
Caused by: org.springframework.beans.BeanInstantiationException: Failed to instantiate [org.modelmapper.ModelMapper]: Factory method 'customerMapper' threw exception with message: ModelMapper configuration errors:

1) Not able to skip customerType., because there are already nested properties are mapped: [customerType.description. customerType.id.]. Do you skip the property after the implicit mappings mapped? We recommended you to create an empty type map, and followed by addMappings and implicitMappings calls

1 error
	at org.springframework.beans.factory.support.SimpleInstantiationStrategy.lambda$instantiate$0(SimpleInstantiationStrategy.java:199)
	at org.springframework.beans.factory.support.SimpleInstantiationStrategy.instantiateWithFactoryMethod(SimpleInstantiationStrategy.java:88)
	at org.springframework.beans.factory.support.SimpleInstantiationStrategy.instantiate(SimpleInstantiationStrategy.java:168)
	at org.springframework.beans.factory.support.ConstructorResolver.instantiate(ConstructorResolver.java:653)
	... 47 common frames omitted
Caused by: org.modelmapper.ConfigurationException: ModelMapper configuration errors:

1) Not able to skip customerType., because there are already nested properties are mapped: [customerType.description. customerType.id.]. Do you skip the property after the implicit mappings mapped? We recommended you to create an empty type map, and followed by addMappings and implicitMappings calls

1 error
	at org.modelmapper.internal.Errors.throwConfigurationExceptionIfErrorsExist(Errors.java:240)
	at org.modelmapper.internal.ReferenceMapExpressionImpl.skipMapping(ReferenceMapExpressionImpl.java:90)
	at org.modelmapper.internal.ReferenceMapExpressionImpl.map(ReferenceMapExpressionImpl.java:68)
	at org.modelmapper.internal.TypeMapImpl.addMapping(TypeMapImpl.java:260)
	at com.bootcamp.btmscustomers.config.MapperConfig.customerMapper(MapperConfig.java:31)
	at com.bootcamp.btmscustomers.config.MapperConfig$$SpringCGLIB$$0.CGLIB$customerMapper$0(<generated>)
	at com.bootcamp.btmscustomers.config.MapperConfig$$SpringCGLIB$$FastClass$$1.invoke(<generated>)
	at org.springframework.cglib.proxy.MethodProxy.invokeSuper(MethodProxy.java:258)
	at org.springframework.context.annotation.ConfigurationClassEnhancer$BeanMethodInterceptor.intercept(ConfigurationClassEnhancer.java:348)
	at com.bootcamp.btmscustomers.config.MapperConfig$$SpringCGLIB$$0.customerMapper(<generated>)
	at java.base/jdk.internal.reflect.NativeMethodAccessorImpl.invoke0(Native Method)
	at java.base/jdk.internal.reflect.NativeMethodAccessorImpl.invoke(NativeMethodAccessorImpl.java:77)
	at java.base/jdk.internal.reflect.DelegatingMethodAccessorImpl.invoke(DelegatingMethodAccessorImpl.java:43)
	at java.base/java.lang.reflect.Method.invoke(Method.java:568)
	at org.springframework.beans.factory.support.SimpleInstantiationStrategy.lambda$instantiate$0(SimpleInstantiationStrategy.java:171)
	... 50 common frames omitted
2025-02-22 19:02:47.615 [background-preinit] INFO  o.h.validator.internal.util.Version - HV000001: Hibernate Validator 8.0.2.Final
2025-02-22 19:02:48.154 [main] INFO  o.s.c.c.c.ConfigServicePropertySourceLocator - Fetching config from server at : http://localhost:9001
2025-02-22 19:02:48.326 [main] INFO  o.s.c.c.c.ConfigServicePropertySourceLocator - Located environment: name=bt-ms-accounts, profiles=[dev], label=null, version=e374c450d24cd57145ec56f3d3a5646d3ff91137, state=
2025-02-22 19:02:48.327 [main] INFO  o.s.c.b.c.PropertySourceBootstrapConfiguration - Located property source: [BootstrapPropertySource {name='bootstrapProperties-configClient'}, BootstrapPropertySource {name='bootstrapProperties-https://github.com/AldoSBou/BootcampConfigServerFiles/bt-ms-accounts-dev.yml'}]
2025-02-22 19:02:48.333 [main] INFO  c.b.msaccounts.MsAccountsApplication - No active profile set, falling back to 1 default profile: "default"
2025-02-22 19:02:48.644 [main] INFO  o.s.d.r.c.RepositoryConfigurationDelegate - Bootstrapping Spring Data Reactive MongoDB repositories in DEFAULT mode.
2025-02-22 19:02:48.726 [main] INFO  o.s.d.r.c.RepositoryConfigurationDelegate - Finished Spring Data repository scanning in 77 ms. Found 1 Reactive MongoDB repository interface.
2025-02-22 19:02:48.864 [main] INFO  o.s.cloud.context.scope.GenericScope - BeanFactory id=b042872f-c60d-377a-955b-345724937d70
2025-02-22 19:02:49.577 [main] INFO  org.mongodb.driver.client - MongoClient with metadata {"driver": {"name": "mongo-java-driver|reactive-streams|spring-boot", "version": "5.2.1"}, "os": {"type": "Windows", "name": "Windows 10", "architecture": "amd64", "version": "10.0"}, "platform": "Java/Oracle Corporation/17.0.12+8-LTS-286"} created with settings MongoClientSettings{readPreference=primary, writeConcern=WriteConcern{w=null, wTimeout=null ms, journal=null}, retryWrites=true, retryReads=true, readConcern=ReadConcern{level=null}, credential=null, transportSettings=NettyTransportSettings{eventLoopGroup=io.netty.channel.nio.NioEventLoopGroup@57f2e67, socketChannelClass=null, allocator=null, sslContext=null}, commandListeners=[], codecRegistry=ProvidersCodecRegistry{codecProviders=[ValueCodecProvider{}, BsonValueCodecProvider{}, DBRefCodecProvider{}, DBObjectCodecProvider{}, DocumentCodecProvider{}, CollectionCodecProvider{}, IterableCodecProvider{}, MapCodecProvider{}, GeoJsonCodecProvider{}, GridFSFileCodecProvider{}, Jsr310CodecProvider{}, JsonObjectCodecProvider{}, BsonCodecProvider{}, EnumCodecProvider{}, com.mongodb.client.model.mql.ExpressionCodecProvider@4571cebe, com.mongodb.Jep395RecordCodecProvider@154864f8, com.mongodb.KotlinCodecProvider@11cadb32]}, loggerSettings=LoggerSettings{maxDocumentLength=1000}, clusterSettings={hosts=[localhost:27017], srvServiceName=mongodb, mode=SINGLE, requiredClusterType=UNKNOWN, requiredReplicaSetName='null', serverSelector='null', clusterListeners='[]', serverSelectionTimeout='30000 ms', localThreshold='15 ms'}, socketSettings=SocketSettings{connectTimeoutMS=10000, readTimeoutMS=0, receiveBufferSize=0, proxySettings=ProxySettings{host=null, port=null, username=null, password=null}}, heartbeatSocketSettings=SocketSettings{connectTimeoutMS=10000, readTimeoutMS=10000, receiveBufferSize=0, proxySettings=ProxySettings{host=null, port=null, username=null, password=null}}, connectionPoolSettings=ConnectionPoolSettings{maxSize=100, minSize=0, maxWaitTimeMS=120000, maxConnectionLifeTimeMS=0, maxConnectionIdleTimeMS=0, maintenanceInitialDelayMS=0, maintenanceFrequencyMS=60000, connectionPoolListeners=[], maxConnecting=2}, serverSettings=ServerSettings{heartbeatFrequencyMS=10000, minHeartbeatFrequencyMS=500, serverMonitoringMode=AUTO, serverListeners='[]', serverMonitorListeners='[]'}, sslSettings=SslSettings{enabled=false, invalidHostNameAllowed=false, context=null}, applicationName='null', compressorList=[], uuidRepresentation=JAVA_LEGACY, serverApi=null, autoEncryptionSettings=null, dnsClient=null, inetAddressResolver=null, contextProvider=null, timeoutMS=null}
2025-02-22 19:02:49.711 [cluster-ClusterId{value='67ba65a94c2a13730673e7c4', description='null'}-localhost:27017] INFO  org.mongodb.driver.cluster - Monitor thread successfully connected to server with description ServerDescription{address=localhost:27017, type=STANDALONE, cryptd=false, state=CONNECTED, ok=true, minWireVersion=0, maxWireVersion=25, maxDocumentSize=16777216, logicalSessionTimeoutMinutes=30, roundTripTimeNanos=49660900, minRoundTripTimeNanos=0}
2025-02-22 19:02:50.662 [main] INFO  o.s.c.n.e.c.DiscoveryClientOptionalArgsConfiguration - Eureka HTTP Client uses RestTemplate.
2025-02-22 19:02:50.698 [main] WARN  o.s.c.l.c.LoadBalancerCacheAutoConfiguration$LoadBalancerCaffeineWarnLogger - Spring Cloud LoadBalancer is currently working with the default cache. While this cache implementation is useful for development and tests, it's recommended to use Caffeine cache in production.You can switch to using Caffeine cache, by adding it and org.springframework.cache.caffeine.CaffeineCacheManager to the classpath.
2025-02-22 19:02:50.743 [main] INFO  o.s.c.n.eureka.InstanceInfoFactory - Setting initial instance status as: STARTING
2025-02-22 19:02:50.757 [main] INFO  c.netflix.discovery.DiscoveryClient - Initializing Eureka in region us-east-1
2025-02-22 19:02:50.760 [main] INFO  c.n.d.s.r.aws.ConfigClusterResolver - Resolving eureka endpoints via configuration
2025-02-22 19:02:50.765 [main] INFO  c.netflix.discovery.DiscoveryClient - Disable delta property : false
2025-02-22 19:02:50.765 [main] INFO  c.netflix.discovery.DiscoveryClient - Single vip registry refresh property : null
2025-02-22 19:02:50.765 [main] INFO  c.netflix.discovery.DiscoveryClient - Force full registry fetch : false
2025-02-22 19:02:50.765 [main] INFO  c.netflix.discovery.DiscoveryClient - Application is null : false
2025-02-22 19:02:50.765 [main] INFO  c.netflix.discovery.DiscoveryClient - Registered Applications size is zero : true
2025-02-22 19:02:50.765 [main] INFO  c.netflix.discovery.DiscoveryClient - Application version is -1: true
2025-02-22 19:02:50.765 [main] INFO  c.netflix.discovery.DiscoveryClient - Getting all instance registry info from the eureka server
2025-02-22 19:02:50.923 [main] INFO  c.netflix.discovery.DiscoveryClient - The response status is 200
2025-02-22 19:02:50.925 [main] INFO  c.netflix.discovery.DiscoveryClient - Starting heartbeat executor: renew interval is: 30
2025-02-22 19:02:50.927 [main] INFO  c.n.discovery.InstanceInfoReplicator - InstanceInfoReplicator onDemand update allowed rate per min is 4
2025-02-22 19:02:50.928 [main] INFO  c.netflix.discovery.DiscoveryClient - Discovery Client initialized at timestamp 1740268970928 with initial instances count: 0
2025-02-22 19:02:50.931 [main] INFO  o.s.c.n.e.s.EurekaServiceRegistry - Registering application BT-MS-ACCOUNTS with eureka with status UP
2025-02-22 19:02:50.932 [main] INFO  c.netflix.discovery.DiscoveryClient - Saw local status change event StatusChangeEvent [timestamp=1740268970932, current=UP, previous=STARTING]
2025-02-22 19:02:50.933 [DiscoveryClient-InstanceInfoReplicator-%d] INFO  c.netflix.discovery.DiscoveryClient - DiscoveryClient_BT-MS-ACCOUNTS/NTTD-1MYJR54.mshome.net:bt-ms-accounts:8082: registering service...
2025-02-22 19:02:50.977 [DiscoveryClient-InstanceInfoReplicator-%d] INFO  c.netflix.discovery.DiscoveryClient - DiscoveryClient_BT-MS-ACCOUNTS/NTTD-1MYJR54.mshome.net:bt-ms-accounts:8082 - registration status: 204
2025-02-22 19:02:51.073 [main] INFO  o.s.b.w.e.netty.NettyWebServer - Netty started on port 8082 (http)
2025-02-22 19:02:51.074 [main] INFO  o.s.c.n.e.s.EurekaAutoServiceRegistration - Updating port to 8082
2025-02-22 19:02:51.444 [main] INFO  c.b.msaccounts.MsAccountsApplication - Started MsAccountsApplication in 4.355 seconds (process running for 5.188)
2025-02-22 19:02:52.895 [SpringApplicationShutdownHook] INFO  o.s.c.n.e.s.EurekaServiceRegistry - Unregistering application BT-MS-ACCOUNTS with eureka with status DOWN
2025-02-22 19:02:52.895 [SpringApplicationShutdownHook] INFO  c.netflix.discovery.DiscoveryClient - Saw local status change event StatusChangeEvent [timestamp=1740268972895, current=DOWN, previous=UP]
2025-02-22 19:02:52.895 [DiscoveryClient-InstanceInfoReplicator-%d] INFO  c.netflix.discovery.DiscoveryClient - DiscoveryClient_BT-MS-ACCOUNTS/NTTD-1MYJR54.mshome.net:bt-ms-accounts:8082: registering service...
2025-02-22 19:02:52.898 [SpringApplicationShutdownHook] INFO  o.s.b.w.e.netty.GracefulShutdown - Commencing graceful shutdown. Waiting for active requests to complete
2025-02-22 19:02:52.901 [DiscoveryClient-InstanceInfoReplicator-%d] INFO  c.netflix.discovery.DiscoveryClient - DiscoveryClient_BT-MS-ACCOUNTS/NTTD-1MYJR54.mshome.net:bt-ms-accounts:8082 - registration status: 204
2025-02-22 19:02:52.901 [netty-shutdown] INFO  o.s.b.w.e.netty.GracefulShutdown - Graceful shutdown complete
2025-02-22 19:02:57.073 [SpringApplicationShutdownHook] INFO  c.netflix.discovery.DiscoveryClient - Shutting down DiscoveryClient ...
2025-02-22 19:03:00.085 [SpringApplicationShutdownHook] INFO  c.netflix.discovery.DiscoveryClient - Unregistering ...
2025-02-22 19:03:00.120 [SpringApplicationShutdownHook] INFO  c.netflix.discovery.DiscoveryClient - DiscoveryClient_BT-MS-ACCOUNTS/NTTD-1MYJR54.mshome.net:bt-ms-accounts:8082 - deregister  status: 200
2025-02-22 19:03:00.120 [SpringApplicationShutdownHook] INFO  c.netflix.discovery.DiscoveryClient - Completed shut down of DiscoveryClient
2025-02-22 19:03:03.792 [background-preinit] INFO  o.h.validator.internal.util.Version - HV000001: Hibernate Validator 8.0.2.Final
2025-02-22 19:03:04.311 [main] INFO  o.s.c.c.c.ConfigServicePropertySourceLocator - Fetching config from server at : http://localhost:9001
2025-02-22 19:03:05.066 [main] INFO  o.s.c.c.c.ConfigServicePropertySourceLocator - Located environment: name=bt-ms-customers, profiles=[dev], label=null, version=e374c450d24cd57145ec56f3d3a5646d3ff91137, state=
2025-02-22 19:03:05.067 [main] INFO  o.s.c.b.c.PropertySourceBootstrapConfiguration - Located property source: [BootstrapPropertySource {name='bootstrapProperties-configClient'}, BootstrapPropertySource {name='bootstrapProperties-https://github.com/AldoSBou/BootcampConfigServerFiles/bt-ms-customers-dev.yml'}]
2025-02-22 19:03:05.070 [main] INFO  c.b.b.MsCustomersApplication - No active profile set, falling back to 1 default profile: "default"
2025-02-22 19:03:05.342 [main] INFO  o.s.d.r.c.RepositoryConfigurationDelegate - Bootstrapping Spring Data Reactive MongoDB repositories in DEFAULT mode.
2025-02-22 19:03:05.430 [main] INFO  o.s.d.r.c.RepositoryConfigurationDelegate - Finished Spring Data repository scanning in 83 ms. Found 3 Reactive MongoDB repository interfaces.
2025-02-22 19:03:05.570 [main] INFO  o.s.cloud.context.scope.GenericScope - BeanFactory id=cd773bd4-dba9-348c-b022-3cdac4348cfc
2025-02-22 19:03:06.270 [main] INFO  org.mongodb.driver.client - MongoClient with metadata {"driver": {"name": "mongo-java-driver|reactive-streams|spring-boot", "version": "5.2.1"}, "os": {"type": "Windows", "name": "Windows 10", "architecture": "amd64", "version": "10.0"}, "platform": "Java/Oracle Corporation/17.0.12+8-LTS-286"} created with settings MongoClientSettings{readPreference=primary, writeConcern=WriteConcern{w=null, wTimeout=null ms, journal=null}, retryWrites=true, retryReads=true, readConcern=ReadConcern{level=null}, credential=null, transportSettings=NettyTransportSettings{eventLoopGroup=io.netty.channel.nio.NioEventLoopGroup@120411ec, socketChannelClass=null, allocator=null, sslContext=null}, commandListeners=[], codecRegistry=ProvidersCodecRegistry{codecProviders=[ValueCodecProvider{}, BsonValueCodecProvider{}, DBRefCodecProvider{}, DBObjectCodecProvider{}, DocumentCodecProvider{}, CollectionCodecProvider{}, IterableCodecProvider{}, MapCodecProvider{}, GeoJsonCodecProvider{}, GridFSFileCodecProvider{}, Jsr310CodecProvider{}, JsonObjectCodecProvider{}, BsonCodecProvider{}, EnumCodecProvider{}, com.mongodb.client.model.mql.ExpressionCodecProvider@6cc8adff, com.mongodb.Jep395RecordCodecProvider@6b2e9db2, com.mongodb.KotlinCodecProvider@280d5a82]}, loggerSettings=LoggerSettings{maxDocumentLength=1000}, clusterSettings={hosts=[localhost:27017], srvServiceName=mongodb, mode=SINGLE, requiredClusterType=UNKNOWN, requiredReplicaSetName='null', serverSelector='null', clusterListeners='[]', serverSelectionTimeout='30000 ms', localThreshold='15 ms'}, socketSettings=SocketSettings{connectTimeoutMS=10000, readTimeoutMS=0, receiveBufferSize=0, proxySettings=ProxySettings{host=null, port=null, username=null, password=null}}, heartbeatSocketSettings=SocketSettings{connectTimeoutMS=10000, readTimeoutMS=10000, receiveBufferSize=0, proxySettings=ProxySettings{host=null, port=null, username=null, password=null}}, connectionPoolSettings=ConnectionPoolSettings{maxSize=100, minSize=0, maxWaitTimeMS=120000, maxConnectionLifeTimeMS=0, maxConnectionIdleTimeMS=0, maintenanceInitialDelayMS=0, maintenanceFrequencyMS=60000, connectionPoolListeners=[], maxConnecting=2}, serverSettings=ServerSettings{heartbeatFrequencyMS=10000, minHeartbeatFrequencyMS=500, serverMonitoringMode=AUTO, serverListeners='[]', serverMonitorListeners='[]'}, sslSettings=SslSettings{enabled=false, invalidHostNameAllowed=false, context=null}, applicationName='null', compressorList=[], uuidRepresentation=JAVA_LEGACY, serverApi=null, autoEncryptionSettings=null, dnsClient=null, inetAddressResolver=null, contextProvider=null, timeoutMS=null}
2025-02-22 19:03:06.398 [cluster-ClusterId{value='67ba65ba2c7460662976a3cd', description='null'}-localhost:27017] INFO  org.mongodb.driver.cluster - Monitor thread successfully connected to server with description ServerDescription{address=localhost:27017, type=STANDALONE, cryptd=false, state=CONNECTED, ok=true, minWireVersion=0, maxWireVersion=25, maxDocumentSize=16777216, logicalSessionTimeoutMinutes=30, roundTripTimeNanos=40892200, minRoundTripTimeNanos=0}
2025-02-22 19:03:06.840 [main] WARN  o.s.b.w.r.c.AnnotationConfigReactiveWebServerApplicationContext - Exception encountered during context initialization - cancelling refresh attempt: org.springframework.beans.factory.UnsatisfiedDependencyException: Error creating bean with name 'customerController' defined in file [C:\Users\asuarbou\Desktop\Proyectos Semanales\Entregable 1\bootcamp-ms-customers\bt-ms-customers\target\classes\com\bootcamp\btmscustomers\controller\CustomerController.class]: Unsatisfied dependency expressed through constructor parameter 1: Error creating bean with name 'mapperCustomer' defined in file [C:\Users\asuarbou\Desktop\Proyectos Semanales\Entregable 1\bootcamp-ms-customers\bt-ms-customers\target\classes\com\bootcamp\btmscustomers\mapper\MapperCustomer.class]: Unsatisfied dependency expressed through constructor parameter 0: Error creating bean with name 'customerMapper' defined in class path resource [com/bootcamp/btmscustomers/config/MapperConfig.class]: Failed to instantiate [org.modelmapper.ModelMapper]: Factory method 'customerMapper' threw exception with message: ModelMapper configuration errors:

1) Not able to skip customerType., because there are already nested properties are mapped: [customerType.description. customerType.id.]. Do you skip the property after the implicit mappings mapped? We recommended you to create an empty type map, and followed by addMappings and implicitMappings calls

1 error
2025-02-22 19:03:08.948 [main] INFO  o.s.b.a.l.ConditionEvaluationReportLogger - 

Error starting ApplicationContext. To display the condition evaluation report re-run your application with 'debug' enabled.
2025-02-22 19:03:08.964 [main] ERROR o.s.boot.SpringApplication - Application run failed
org.springframework.beans.factory.UnsatisfiedDependencyException: Error creating bean with name 'customerController' defined in file [C:\Users\asuarbou\Desktop\Proyectos Semanales\Entregable 1\bootcamp-ms-customers\bt-ms-customers\target\classes\com\bootcamp\btmscustomers\controller\CustomerController.class]: Unsatisfied dependency expressed through constructor parameter 1: Error creating bean with name 'mapperCustomer' defined in file [C:\Users\asuarbou\Desktop\Proyectos Semanales\Entregable 1\bootcamp-ms-customers\bt-ms-customers\target\classes\com\bootcamp\btmscustomers\mapper\MapperCustomer.class]: Unsatisfied dependency expressed through constructor parameter 0: Error creating bean with name 'customerMapper' defined in class path resource [com/bootcamp/btmscustomers/config/MapperConfig.class]: Failed to instantiate [org.modelmapper.ModelMapper]: Factory method 'customerMapper' threw exception with message: ModelMapper configuration errors:

1) Not able to skip customerType., because there are already nested properties are mapped: [customerType.description. customerType.id.]. Do you skip the property after the implicit mappings mapped? We recommended you to create an empty type map, and followed by addMappings and implicitMappings calls

1 error
	at org.springframework.beans.factory.support.ConstructorResolver.createArgumentArray(ConstructorResolver.java:804)
	at org.springframework.beans.factory.support.ConstructorResolver.autowireConstructor(ConstructorResolver.java:240)
	at org.springframework.beans.factory.support.AbstractAutowireCapableBeanFactory.autowireConstructor(AbstractAutowireCapableBeanFactory.java:1381)
	at org.springframework.beans.factory.support.AbstractAutowireCapableBeanFactory.createBeanInstance(AbstractAutowireCapableBeanFactory.java:1218)
	at org.springframework.beans.factory.support.AbstractAutowireCapableBeanFactory.doCreateBean(AbstractAutowireCapableBeanFactory.java:563)
	at org.springframework.beans.factory.support.AbstractAutowireCapableBeanFactory.createBean(AbstractAutowireCapableBeanFactory.java:523)
	at org.springframework.beans.factory.support.AbstractBeanFactory.lambda$doGetBean$0(AbstractBeanFactory.java:336)
	at org.springframework.beans.factory.support.DefaultSingletonBeanRegistry.getSingleton(DefaultSingletonBeanRegistry.java:307)
	at org.springframework.beans.factory.support.AbstractBeanFactory.doGetBean(AbstractBeanFactory.java:334)
	at org.springframework.beans.factory.support.AbstractBeanFactory.getBean(AbstractBeanFactory.java:199)
	at org.springframework.beans.factory.support.DefaultListableBeanFactory.instantiateSingleton(DefaultListableBeanFactory.java:1122)
	at org.springframework.beans.factory.support.DefaultListableBeanFactory.preInstantiateSingleton(DefaultListableBeanFactory.java:1093)
	at org.springframework.beans.factory.support.DefaultListableBeanFactory.preInstantiateSingletons(DefaultListableBeanFactory.java:1030)
	at org.springframework.context.support.AbstractApplicationContext.finishBeanFactoryInitialization(AbstractApplicationContext.java:987)
	at org.springframework.context.support.AbstractApplicationContext.refresh(AbstractApplicationContext.java:627)
	at org.springframework.boot.web.reactive.context.ReactiveWebServerApplicationContext.refresh(ReactiveWebServerApplicationContext.java:66)
	at org.springframework.boot.SpringApplication.refresh(SpringApplication.java:752)
	at org.springframework.boot.SpringApplication.refreshContext(SpringApplication.java:439)
	at org.springframework.boot.SpringApplication.run(SpringApplication.java:318)
	at org.springframework.boot.SpringApplication.run(SpringApplication.java:1361)
	at org.springframework.boot.SpringApplication.run(SpringApplication.java:1350)
	at com.bootcamp.btmscustomers.MsCustomersApplication.main(MsCustomersApplication.java:10)
Caused by: org.springframework.beans.factory.UnsatisfiedDependencyException: Error creating bean with name 'mapperCustomer' defined in file [C:\Users\asuarbou\Desktop\Proyectos Semanales\Entregable 1\bootcamp-ms-customers\bt-ms-customers\target\classes\com\bootcamp\btmscustomers\mapper\MapperCustomer.class]: Unsatisfied dependency expressed through constructor parameter 0: Error creating bean with name 'customerMapper' defined in class path resource [com/bootcamp/btmscustomers/config/MapperConfig.class]: Failed to instantiate [org.modelmapper.ModelMapper]: Factory method 'customerMapper' threw exception with message: ModelMapper configuration errors:

1) Not able to skip customerType., because there are already nested properties are mapped: [customerType.description. customerType.id.]. Do you skip the property after the implicit mappings mapped? We recommended you to create an empty type map, and followed by addMappings and implicitMappings calls

1 error
	at org.springframework.beans.factory.support.ConstructorResolver.createArgumentArray(ConstructorResolver.java:804)
	at org.springframework.beans.factory.support.ConstructorResolver.autowireConstructor(ConstructorResolver.java:240)
	at org.springframework.beans.factory.support.AbstractAutowireCapableBeanFactory.autowireConstructor(AbstractAutowireCapableBeanFactory.java:1381)
	at org.springframework.beans.factory.support.AbstractAutowireCapableBeanFactory.createBeanInstance(AbstractAutowireCapableBeanFactory.java:1218)
	at org.springframework.beans.factory.support.AbstractAutowireCapableBeanFactory.doCreateBean(AbstractAutowireCapableBeanFactory.java:563)
	at org.springframework.beans.factory.support.AbstractAutowireCapableBeanFactory.createBean(AbstractAutowireCapableBeanFactory.java:523)
	at org.springframework.beans.factory.support.AbstractBeanFactory.lambda$doGetBean$0(AbstractBeanFactory.java:336)
	at org.springframework.beans.factory.support.DefaultSingletonBeanRegistry.getSingleton(DefaultSingletonBeanRegistry.java:307)
	at org.springframework.beans.factory.support.AbstractBeanFactory.doGetBean(AbstractBeanFactory.java:334)
	at org.springframework.beans.factory.support.AbstractBeanFactory.getBean(AbstractBeanFactory.java:199)
	at org.springframework.beans.factory.support.DefaultListableBeanFactory.doResolveDependency(DefaultListableBeanFactory.java:1573)
	at org.springframework.beans.factory.support.DefaultListableBeanFactory.resolveDependency(DefaultListableBeanFactory.java:1519)
	at org.springframework.beans.factory.support.ConstructorResolver.resolveAutowiredArgument(ConstructorResolver.java:913)
	at org.springframework.beans.factory.support.ConstructorResolver.createArgumentArray(ConstructorResolver.java:791)
	... 21 common frames omitted
Caused by: org.springframework.beans.factory.BeanCreationException: Error creating bean with name 'customerMapper' defined in class path resource [com/bootcamp/btmscustomers/config/MapperConfig.class]: Failed to instantiate [org.modelmapper.ModelMapper]: Factory method 'customerMapper' threw exception with message: ModelMapper configuration errors:

1) Not able to skip customerType., because there are already nested properties are mapped: [customerType.description. customerType.id.]. Do you skip the property after the implicit mappings mapped? We recommended you to create an empty type map, and followed by addMappings and implicitMappings calls

1 error
	at org.springframework.beans.factory.support.ConstructorResolver.instantiate(ConstructorResolver.java:657)
	at org.springframework.beans.factory.support.ConstructorResolver.instantiateUsingFactoryMethod(ConstructorResolver.java:489)
	at org.springframework.beans.factory.support.AbstractAutowireCapableBeanFactory.instantiateUsingFactoryMethod(AbstractAutowireCapableBeanFactory.java:1361)
	at org.springframework.beans.factory.support.AbstractAutowireCapableBeanFactory.createBeanInstance(AbstractAutowireCapableBeanFactory.java:1191)
	at org.springframework.beans.factory.support.AbstractAutowireCapableBeanFactory.doCreateBean(AbstractAutowireCapableBeanFactory.java:563)
	at org.springframework.beans.factory.support.AbstractAutowireCapableBeanFactory.createBean(AbstractAutowireCapableBeanFactory.java:523)
	at org.springframework.beans.factory.support.AbstractBeanFactory.lambda$doGetBean$0(AbstractBeanFactory.java:336)
	at org.springframework.beans.factory.support.DefaultSingletonBeanRegistry.getSingleton(DefaultSingletonBeanRegistry.java:307)
	at org.springframework.beans.factory.support.AbstractBeanFactory.doGetBean(AbstractBeanFactory.java:334)
	at org.springframework.beans.factory.support.AbstractBeanFactory.getBean(AbstractBeanFactory.java:199)
	at org.springframework.beans.factory.support.DefaultListableBeanFactory.doResolveDependency(DefaultListableBeanFactory.java:1573)
	at org.springframework.beans.factory.support.DefaultListableBeanFactory.resolveDependency(DefaultListableBeanFactory.java:1519)
	at org.springframework.beans.factory.support.ConstructorResolver.resolveAutowiredArgument(ConstructorResolver.java:913)
	at org.springframework.beans.factory.support.ConstructorResolver.createArgumentArray(ConstructorResolver.java:791)
	... 34 common frames omitted
Caused by: org.springframework.beans.BeanInstantiationException: Failed to instantiate [org.modelmapper.ModelMapper]: Factory method 'customerMapper' threw exception with message: ModelMapper configuration errors:

1) Not able to skip customerType., because there are already nested properties are mapped: [customerType.description. customerType.id.]. Do you skip the property after the implicit mappings mapped? We recommended you to create an empty type map, and followed by addMappings and implicitMappings calls

1 error
	at org.springframework.beans.factory.support.SimpleInstantiationStrategy.lambda$instantiate$0(SimpleInstantiationStrategy.java:199)
	at org.springframework.beans.factory.support.SimpleInstantiationStrategy.instantiateWithFactoryMethod(SimpleInstantiationStrategy.java:88)
	at org.springframework.beans.factory.support.SimpleInstantiationStrategy.instantiate(SimpleInstantiationStrategy.java:168)
	at org.springframework.beans.factory.support.ConstructorResolver.instantiate(ConstructorResolver.java:653)
	... 47 common frames omitted
Caused by: org.modelmapper.ConfigurationException: ModelMapper configuration errors:

1) Not able to skip customerType., because there are already nested properties are mapped: [customerType.description. customerType.id.]. Do you skip the property after the implicit mappings mapped? We recommended you to create an empty type map, and followed by addMappings and implicitMappings calls

1 error
	at org.modelmapper.internal.Errors.throwConfigurationExceptionIfErrorsExist(Errors.java:240)
	at org.modelmapper.internal.ReferenceMapExpressionImpl.skipMapping(ReferenceMapExpressionImpl.java:90)
	at org.modelmapper.internal.ReferenceMapExpressionImpl.map(ReferenceMapExpressionImpl.java:68)
	at org.modelmapper.internal.TypeMapImpl.addMapping(TypeMapImpl.java:260)
	at com.bootcamp.btmscustomers.config.MapperConfig.customerMapper(MapperConfig.java:31)
	at com.bootcamp.btmscustomers.config.MapperConfig$$SpringCGLIB$$0.CGLIB$customerMapper$2(<generated>)
	at com.bootcamp.btmscustomers.config.MapperConfig$$SpringCGLIB$$FastClass$$1.invoke(<generated>)
	at org.springframework.cglib.proxy.MethodProxy.invokeSuper(MethodProxy.java:258)
	at org.springframework.context.annotation.ConfigurationClassEnhancer$BeanMethodInterceptor.intercept(ConfigurationClassEnhancer.java:348)
	at com.bootcamp.btmscustomers.config.MapperConfig$$SpringCGLIB$$0.customerMapper(<generated>)
	at java.base/jdk.internal.reflect.NativeMethodAccessorImpl.invoke0(Native Method)
	at java.base/jdk.internal.reflect.NativeMethodAccessorImpl.invoke(NativeMethodAccessorImpl.java:77)
	at java.base/jdk.internal.reflect.DelegatingMethodAccessorImpl.invoke(DelegatingMethodAccessorImpl.java:43)
	at java.base/java.lang.reflect.Method.invoke(Method.java:568)
	at org.springframework.beans.factory.support.SimpleInstantiationStrategy.lambda$instantiate$0(SimpleInstantiationStrategy.java:171)
	... 50 common frames omitted
2025-02-22 19:09:42.321 [background-preinit] INFO  o.h.validator.internal.util.Version - HV000001: Hibernate Validator 8.0.2.Final
2025-02-22 19:09:42.946 [main] INFO  o.s.c.c.c.ConfigServicePropertySourceLocator - Fetching config from server at : http://localhost:9001
2025-02-22 19:09:45.259 [main] INFO  o.s.c.c.c.ConfigServicePropertySourceLocator - Located environment: name=bt-ms-customers, profiles=[dev], label=null, version=e374c450d24cd57145ec56f3d3a5646d3ff91137, state=
2025-02-22 19:09:45.260 [main] INFO  o.s.c.b.c.PropertySourceBootstrapConfiguration - Located property source: [BootstrapPropertySource {name='bootstrapProperties-configClient'}, BootstrapPropertySource {name='bootstrapProperties-https://github.com/AldoSBou/BootcampConfigServerFiles/bt-ms-customers-dev.yml'}]
2025-02-22 19:09:45.265 [main] INFO  c.b.b.MsCustomersApplication - No active profile set, falling back to 1 default profile: "default"
2025-02-22 19:09:45.572 [main] INFO  o.s.d.r.c.RepositoryConfigurationDelegate - Bootstrapping Spring Data Reactive MongoDB repositories in DEFAULT mode.
2025-02-22 19:09:45.656 [main] INFO  o.s.d.r.c.RepositoryConfigurationDelegate - Finished Spring Data repository scanning in 77 ms. Found 3 Reactive MongoDB repository interfaces.
2025-02-22 19:09:45.805 [main] INFO  o.s.cloud.context.scope.GenericScope - BeanFactory id=cd773bd4-dba9-348c-b022-3cdac4348cfc
2025-02-22 19:09:46.477 [main] INFO  org.mongodb.driver.client - MongoClient with metadata {"driver": {"name": "mongo-java-driver|reactive-streams|spring-boot", "version": "5.2.1"}, "os": {"type": "Windows", "name": "Windows 10", "architecture": "amd64", "version": "10.0"}, "platform": "Java/Oracle Corporation/17.0.12+8-LTS-286"} created with settings MongoClientSettings{readPreference=primary, writeConcern=WriteConcern{w=null, wTimeout=null ms, journal=null}, retryWrites=true, retryReads=true, readConcern=ReadConcern{level=null}, credential=null, transportSettings=NettyTransportSettings{eventLoopGroup=io.netty.channel.nio.NioEventLoopGroup@6b2e9db2, socketChannelClass=null, allocator=null, sslContext=null}, commandListeners=[], codecRegistry=ProvidersCodecRegistry{codecProviders=[ValueCodecProvider{}, BsonValueCodecProvider{}, DBRefCodecProvider{}, DBObjectCodecProvider{}, DocumentCodecProvider{}, CollectionCodecProvider{}, IterableCodecProvider{}, MapCodecProvider{}, GeoJsonCodecProvider{}, GridFSFileCodecProvider{}, Jsr310CodecProvider{}, JsonObjectCodecProvider{}, BsonCodecProvider{}, EnumCodecProvider{}, com.mongodb.client.model.mql.ExpressionCodecProvider@280d5a82, com.mongodb.Jep395RecordCodecProvider@1a34a51e, com.mongodb.KotlinCodecProvider@333a44f2]}, loggerSettings=LoggerSettings{maxDocumentLength=1000}, clusterSettings={hosts=[localhost:27017], srvServiceName=mongodb, mode=SINGLE, requiredClusterType=UNKNOWN, requiredReplicaSetName='null', serverSelector='null', clusterListeners='[]', serverSelectionTimeout='30000 ms', localThreshold='15 ms'}, socketSettings=SocketSettings{connectTimeoutMS=10000, readTimeoutMS=0, receiveBufferSize=0, proxySettings=ProxySettings{host=null, port=null, username=null, password=null}}, heartbeatSocketSettings=SocketSettings{connectTimeoutMS=10000, readTimeoutMS=10000, receiveBufferSize=0, proxySettings=ProxySettings{host=null, port=null, username=null, password=null}}, connectionPoolSettings=ConnectionPoolSettings{maxSize=100, minSize=0, maxWaitTimeMS=120000, maxConnectionLifeTimeMS=0, maxConnectionIdleTimeMS=0, maintenanceInitialDelayMS=0, maintenanceFrequencyMS=60000, connectionPoolListeners=[], maxConnecting=2}, serverSettings=ServerSettings{heartbeatFrequencyMS=10000, minHeartbeatFrequencyMS=500, serverMonitoringMode=AUTO, serverListeners='[]', serverMonitorListeners='[]'}, sslSettings=SslSettings{enabled=false, invalidHostNameAllowed=false, context=null}, applicationName='null', compressorList=[], uuidRepresentation=JAVA_LEGACY, serverApi=null, autoEncryptionSettings=null, dnsClient=null, inetAddressResolver=null, contextProvider=null, timeoutMS=null}
2025-02-22 19:09:46.611 [cluster-ClusterId{value='67ba674aa7b3c119317ea3b3', description='null'}-localhost:27017] INFO  org.mongodb.driver.cluster - Monitor thread successfully connected to server with description ServerDescription{address=localhost:27017, type=STANDALONE, cryptd=false, state=CONNECTED, ok=true, minWireVersion=0, maxWireVersion=25, maxDocumentSize=16777216, logicalSessionTimeoutMinutes=30, roundTripTimeNanos=40134800, minRoundTripTimeNanos=0}
2025-02-22 19:09:47.087 [main] WARN  o.s.b.w.r.c.AnnotationConfigReactiveWebServerApplicationContext - Exception encountered during context initialization - cancelling refresh attempt: org.springframework.beans.factory.UnsatisfiedDependencyException: Error creating bean with name 'customerController' defined in file [C:\Users\asuarbou\Desktop\Proyectos Semanales\Entregable 1\bootcamp-ms-customers\bt-ms-customers\target\classes\com\bootcamp\btmscustomers\controller\CustomerController.class]: Unsatisfied dependency expressed through constructor parameter 1: Error creating bean with name 'mapperCustomer' defined in file [C:\Users\asuarbou\Desktop\Proyectos Semanales\Entregable 1\bootcamp-ms-customers\bt-ms-customers\target\classes\com\bootcamp\btmscustomers\mapper\MapperCustomer.class]: Unsatisfied dependency expressed through constructor parameter 0: Error creating bean with name 'customerMapper' defined in class path resource [com/bootcamp/btmscustomers/config/MapperConfig.class]: Failed to instantiate [org.modelmapper.ModelMapper]: Factory method 'customerMapper' threw exception with message: ModelMapper configuration errors:

1) Illegal DestinationSetter defined

1 error
2025-02-22 19:09:49.182 [main] INFO  o.s.b.a.l.ConditionEvaluationReportLogger - 

Error starting ApplicationContext. To display the condition evaluation report re-run your application with 'debug' enabled.
2025-02-22 19:09:49.198 [main] ERROR o.s.boot.SpringApplication - Application run failed
org.springframework.beans.factory.UnsatisfiedDependencyException: Error creating bean with name 'customerController' defined in file [C:\Users\asuarbou\Desktop\Proyectos Semanales\Entregable 1\bootcamp-ms-customers\bt-ms-customers\target\classes\com\bootcamp\btmscustomers\controller\CustomerController.class]: Unsatisfied dependency expressed through constructor parameter 1: Error creating bean with name 'mapperCustomer' defined in file [C:\Users\asuarbou\Desktop\Proyectos Semanales\Entregable 1\bootcamp-ms-customers\bt-ms-customers\target\classes\com\bootcamp\btmscustomers\mapper\MapperCustomer.class]: Unsatisfied dependency expressed through constructor parameter 0: Error creating bean with name 'customerMapper' defined in class path resource [com/bootcamp/btmscustomers/config/MapperConfig.class]: Failed to instantiate [org.modelmapper.ModelMapper]: Factory method 'customerMapper' threw exception with message: ModelMapper configuration errors:

1) Illegal DestinationSetter defined

1 error
	at org.springframework.beans.factory.support.ConstructorResolver.createArgumentArray(ConstructorResolver.java:804)
	at org.springframework.beans.factory.support.ConstructorResolver.autowireConstructor(ConstructorResolver.java:240)
	at org.springframework.beans.factory.support.AbstractAutowireCapableBeanFactory.autowireConstructor(AbstractAutowireCapableBeanFactory.java:1381)
	at org.springframework.beans.factory.support.AbstractAutowireCapableBeanFactory.createBeanInstance(AbstractAutowireCapableBeanFactory.java:1218)
	at org.springframework.beans.factory.support.AbstractAutowireCapableBeanFactory.doCreateBean(AbstractAutowireCapableBeanFactory.java:563)
	at org.springframework.beans.factory.support.AbstractAutowireCapableBeanFactory.createBean(AbstractAutowireCapableBeanFactory.java:523)
	at org.springframework.beans.factory.support.AbstractBeanFactory.lambda$doGetBean$0(AbstractBeanFactory.java:336)
	at org.springframework.beans.factory.support.DefaultSingletonBeanRegistry.getSingleton(DefaultSingletonBeanRegistry.java:307)
	at org.springframework.beans.factory.support.AbstractBeanFactory.doGetBean(AbstractBeanFactory.java:334)
	at org.springframework.beans.factory.support.AbstractBeanFactory.getBean(AbstractBeanFactory.java:199)
	at org.springframework.beans.factory.support.DefaultListableBeanFactory.instantiateSingleton(DefaultListableBeanFactory.java:1122)
	at org.springframework.beans.factory.support.DefaultListableBeanFactory.preInstantiateSingleton(DefaultListableBeanFactory.java:1093)
	at org.springframework.beans.factory.support.DefaultListableBeanFactory.preInstantiateSingletons(DefaultListableBeanFactory.java:1030)
	at org.springframework.context.support.AbstractApplicationContext.finishBeanFactoryInitialization(AbstractApplicationContext.java:987)
	at org.springframework.context.support.AbstractApplicationContext.refresh(AbstractApplicationContext.java:627)
	at org.springframework.boot.web.reactive.context.ReactiveWebServerApplicationContext.refresh(ReactiveWebServerApplicationContext.java:66)
	at org.springframework.boot.SpringApplication.refresh(SpringApplication.java:752)
	at org.springframework.boot.SpringApplication.refreshContext(SpringApplication.java:439)
	at org.springframework.boot.SpringApplication.run(SpringApplication.java:318)
	at org.springframework.boot.SpringApplication.run(SpringApplication.java:1361)
	at org.springframework.boot.SpringApplication.run(SpringApplication.java:1350)
	at com.bootcamp.btmscustomers.MsCustomersApplication.main(MsCustomersApplication.java:10)
Caused by: org.springframework.beans.factory.UnsatisfiedDependencyException: Error creating bean with name 'mapperCustomer' defined in file [C:\Users\asuarbou\Desktop\Proyectos Semanales\Entregable 1\bootcamp-ms-customers\bt-ms-customers\target\classes\com\bootcamp\btmscustomers\mapper\MapperCustomer.class]: Unsatisfied dependency expressed through constructor parameter 0: Error creating bean with name 'customerMapper' defined in class path resource [com/bootcamp/btmscustomers/config/MapperConfig.class]: Failed to instantiate [org.modelmapper.ModelMapper]: Factory method 'customerMapper' threw exception with message: ModelMapper configuration errors:

1) Illegal DestinationSetter defined

1 error
	at org.springframework.beans.factory.support.ConstructorResolver.createArgumentArray(ConstructorResolver.java:804)
	at org.springframework.beans.factory.support.ConstructorResolver.autowireConstructor(ConstructorResolver.java:240)
	at org.springframework.beans.factory.support.AbstractAutowireCapableBeanFactory.autowireConstructor(AbstractAutowireCapableBeanFactory.java:1381)
	at org.springframework.beans.factory.support.AbstractAutowireCapableBeanFactory.createBeanInstance(AbstractAutowireCapableBeanFactory.java:1218)
	at org.springframework.beans.factory.support.AbstractAutowireCapableBeanFactory.doCreateBean(AbstractAutowireCapableBeanFactory.java:563)
	at org.springframework.beans.factory.support.AbstractAutowireCapableBeanFactory.createBean(AbstractAutowireCapableBeanFactory.java:523)
	at org.springframework.beans.factory.support.AbstractBeanFactory.lambda$doGetBean$0(AbstractBeanFactory.java:336)
	at org.springframework.beans.factory.support.DefaultSingletonBeanRegistry.getSingleton(DefaultSingletonBeanRegistry.java:307)
	at org.springframework.beans.factory.support.AbstractBeanFactory.doGetBean(AbstractBeanFactory.java:334)
	at org.springframework.beans.factory.support.AbstractBeanFactory.getBean(AbstractBeanFactory.java:199)
	at org.springframework.beans.factory.support.DefaultListableBeanFactory.doResolveDependency(DefaultListableBeanFactory.java:1573)
	at org.springframework.beans.factory.support.DefaultListableBeanFactory.resolveDependency(DefaultListableBeanFactory.java:1519)
	at org.springframework.beans.factory.support.ConstructorResolver.resolveAutowiredArgument(ConstructorResolver.java:913)
	at org.springframework.beans.factory.support.ConstructorResolver.createArgumentArray(ConstructorResolver.java:791)
	... 21 common frames omitted
Caused by: org.springframework.beans.factory.BeanCreationException: Error creating bean with name 'customerMapper' defined in class path resource [com/bootcamp/btmscustomers/config/MapperConfig.class]: Failed to instantiate [org.modelmapper.ModelMapper]: Factory method 'customerMapper' threw exception with message: ModelMapper configuration errors:

1) Illegal DestinationSetter defined

1 error
	at org.springframework.beans.factory.support.ConstructorResolver.instantiate(ConstructorResolver.java:657)
	at org.springframework.beans.factory.support.ConstructorResolver.instantiateUsingFactoryMethod(ConstructorResolver.java:489)
	at org.springframework.beans.factory.support.AbstractAutowireCapableBeanFactory.instantiateUsingFactoryMethod(AbstractAutowireCapableBeanFactory.java:1361)
	at org.springframework.beans.factory.support.AbstractAutowireCapableBeanFactory.createBeanInstance(AbstractAutowireCapableBeanFactory.java:1191)
	at org.springframework.beans.factory.support.AbstractAutowireCapableBeanFactory.doCreateBean(AbstractAutowireCapableBeanFactory.java:563)
	at org.springframework.beans.factory.support.AbstractAutowireCapableBeanFactory.createBean(AbstractAutowireCapableBeanFactory.java:523)
	at org.springframework.beans.factory.support.AbstractBeanFactory.lambda$doGetBean$0(AbstractBeanFactory.java:336)
	at org.springframework.beans.factory.support.DefaultSingletonBeanRegistry.getSingleton(DefaultSingletonBeanRegistry.java:307)
	at org.springframework.beans.factory.support.AbstractBeanFactory.doGetBean(AbstractBeanFactory.java:334)
	at org.springframework.beans.factory.support.AbstractBeanFactory.getBean(AbstractBeanFactory.java:199)
	at org.springframework.beans.factory.support.DefaultListableBeanFactory.doResolveDependency(DefaultListableBeanFactory.java:1573)
	at org.springframework.beans.factory.support.DefaultListableBeanFactory.resolveDependency(DefaultListableBeanFactory.java:1519)
	at org.springframework.beans.factory.support.ConstructorResolver.resolveAutowiredArgument(ConstructorResolver.java:913)
	at org.springframework.beans.factory.support.ConstructorResolver.createArgumentArray(ConstructorResolver.java:791)
	... 34 common frames omitted
Caused by: org.springframework.beans.BeanInstantiationException: Failed to instantiate [org.modelmapper.ModelMapper]: Factory method 'customerMapper' threw exception with message: ModelMapper configuration errors:

1) Illegal DestinationSetter defined

1 error
	at org.springframework.beans.factory.support.SimpleInstantiationStrategy.lambda$instantiate$0(SimpleInstantiationStrategy.java:199)
	at org.springframework.beans.factory.support.SimpleInstantiationStrategy.instantiateWithFactoryMethod(SimpleInstantiationStrategy.java:88)
	at org.springframework.beans.factory.support.SimpleInstantiationStrategy.instantiate(SimpleInstantiationStrategy.java:168)
	at org.springframework.beans.factory.support.ConstructorResolver.instantiate(ConstructorResolver.java:653)
	... 47 common frames omitted
Caused by: org.modelmapper.ConfigurationException: ModelMapper configuration errors:

1) Illegal DestinationSetter defined

1 error
	at org.modelmapper.internal.Errors.throwConfigurationExceptionIfErrorsExist(Errors.java:240)
	at org.modelmapper.internal.PropertyReferenceCollector.collect(PropertyReferenceCollector.java:148)
	at org.modelmapper.internal.ReferenceMapExpressionImpl.map(ReferenceMapExpressionImpl.java:68)
	at org.modelmapper.internal.TypeMapImpl.addMapping(TypeMapImpl.java:260)
	at com.bootcamp.btmscustomers.config.MapperConfig.customerMapper(MapperConfig.java:31)
	at com.bootcamp.btmscustomers.config.MapperConfig$$SpringCGLIB$$0.CGLIB$customerMapper$0(<generated>)
	at com.bootcamp.btmscustomers.config.MapperConfig$$SpringCGLIB$$FastClass$$1.invoke(<generated>)
	at org.springframework.cglib.proxy.MethodProxy.invokeSuper(MethodProxy.java:258)
	at org.springframework.context.annotation.ConfigurationClassEnhancer$BeanMethodInterceptor.intercept(ConfigurationClassEnhancer.java:348)
	at com.bootcamp.btmscustomers.config.MapperConfig$$SpringCGLIB$$0.customerMapper(<generated>)
	at java.base/jdk.internal.reflect.NativeMethodAccessorImpl.invoke0(Native Method)
	at java.base/jdk.internal.reflect.NativeMethodAccessorImpl.invoke(NativeMethodAccessorImpl.java:77)
	at java.base/jdk.internal.reflect.DelegatingMethodAccessorImpl.invoke(DelegatingMethodAccessorImpl.java:43)
	at java.base/java.lang.reflect.Method.invoke(Method.java:568)
	at org.springframework.beans.factory.support.SimpleInstantiationStrategy.lambda$instantiate$0(SimpleInstantiationStrategy.java:171)
	... 50 common frames omitted
2025-02-22 19:13:38.056 [background-preinit] INFO  o.h.validator.internal.util.Version - HV000001: Hibernate Validator 8.0.2.Final
2025-02-22 19:13:38.666 [main] INFO  o.s.c.c.c.ConfigServicePropertySourceLocator - Fetching config from server at : http://localhost:9001
2025-02-22 19:13:41.017 [main] INFO  o.s.c.c.c.ConfigServicePropertySourceLocator - Located environment: name=bt-ms-customers, profiles=[dev], label=null, version=e374c450d24cd57145ec56f3d3a5646d3ff91137, state=
2025-02-22 19:13:41.018 [main] INFO  o.s.c.b.c.PropertySourceBootstrapConfiguration - Located property source: [BootstrapPropertySource {name='bootstrapProperties-configClient'}, BootstrapPropertySource {name='bootstrapProperties-https://github.com/AldoSBou/BootcampConfigServerFiles/bt-ms-customers-dev.yml'}]
2025-02-22 19:13:41.027 [main] INFO  c.b.b.MsCustomersApplication - No active profile set, falling back to 1 default profile: "default"
2025-02-22 19:13:41.310 [main] INFO  o.s.d.r.c.RepositoryConfigurationDelegate - Bootstrapping Spring Data Reactive MongoDB repositories in DEFAULT mode.
2025-02-22 19:13:41.390 [main] INFO  o.s.d.r.c.RepositoryConfigurationDelegate - Finished Spring Data repository scanning in 75 ms. Found 3 Reactive MongoDB repository interfaces.
2025-02-22 19:13:41.556 [main] INFO  o.s.cloud.context.scope.GenericScope - BeanFactory id=cd773bd4-dba9-348c-b022-3cdac4348cfc
2025-02-22 19:13:42.263 [main] INFO  org.mongodb.driver.client - MongoClient with metadata {"driver": {"name": "mongo-java-driver|reactive-streams|spring-boot", "version": "5.2.1"}, "os": {"type": "Windows", "name": "Windows 10", "architecture": "amd64", "version": "10.0"}, "platform": "Java/Oracle Corporation/17.0.12+8-LTS-286"} created with settings MongoClientSettings{readPreference=primary, writeConcern=WriteConcern{w=null, wTimeout=null ms, journal=null}, retryWrites=true, retryReads=true, readConcern=ReadConcern{level=null}, credential=null, transportSettings=NettyTransportSettings{eventLoopGroup=io.netty.channel.nio.NioEventLoopGroup@120411ec, socketChannelClass=null, allocator=null, sslContext=null}, commandListeners=[], codecRegistry=ProvidersCodecRegistry{codecProviders=[ValueCodecProvider{}, BsonValueCodecProvider{}, DBRefCodecProvider{}, DBObjectCodecProvider{}, DocumentCodecProvider{}, CollectionCodecProvider{}, IterableCodecProvider{}, MapCodecProvider{}, GeoJsonCodecProvider{}, GridFSFileCodecProvider{}, Jsr310CodecProvider{}, JsonObjectCodecProvider{}, BsonCodecProvider{}, EnumCodecProvider{}, com.mongodb.client.model.mql.ExpressionCodecProvider@6cc8adff, com.mongodb.Jep395RecordCodecProvider@6b2e9db2, com.mongodb.KotlinCodecProvider@280d5a82]}, loggerSettings=LoggerSettings{maxDocumentLength=1000}, clusterSettings={hosts=[localhost:27017], srvServiceName=mongodb, mode=SINGLE, requiredClusterType=UNKNOWN, requiredReplicaSetName='null', serverSelector='null', clusterListeners='[]', serverSelectionTimeout='30000 ms', localThreshold='15 ms'}, socketSettings=SocketSettings{connectTimeoutMS=10000, readTimeoutMS=0, receiveBufferSize=0, proxySettings=ProxySettings{host=null, port=null, username=null, password=null}}, heartbeatSocketSettings=SocketSettings{connectTimeoutMS=10000, readTimeoutMS=10000, receiveBufferSize=0, proxySettings=ProxySettings{host=null, port=null, username=null, password=null}}, connectionPoolSettings=ConnectionPoolSettings{maxSize=100, minSize=0, maxWaitTimeMS=120000, maxConnectionLifeTimeMS=0, maxConnectionIdleTimeMS=0, maintenanceInitialDelayMS=0, maintenanceFrequencyMS=60000, connectionPoolListeners=[], maxConnecting=2}, serverSettings=ServerSettings{heartbeatFrequencyMS=10000, minHeartbeatFrequencyMS=500, serverMonitoringMode=AUTO, serverListeners='[]', serverMonitorListeners='[]'}, sslSettings=SslSettings{enabled=false, invalidHostNameAllowed=false, context=null}, applicationName='null', compressorList=[], uuidRepresentation=JAVA_LEGACY, serverApi=null, autoEncryptionSettings=null, dnsClient=null, inetAddressResolver=null, contextProvider=null, timeoutMS=null}
2025-02-22 19:13:42.391 [cluster-ClusterId{value='67ba683682503d3617897337', description='null'}-localhost:27017] INFO  org.mongodb.driver.cluster - Monitor thread successfully connected to server with description ServerDescription{address=localhost:27017, type=STANDALONE, cryptd=false, state=CONNECTED, ok=true, minWireVersion=0, maxWireVersion=25, maxDocumentSize=16777216, logicalSessionTimeoutMinutes=30, roundTripTimeNanos=34459500, minRoundTripTimeNanos=0}
2025-02-22 19:13:42.792 [main] WARN  o.s.b.w.r.c.AnnotationConfigReactiveWebServerApplicationContext - Exception encountered during context initialization - cancelling refresh attempt: org.springframework.beans.factory.UnsatisfiedDependencyException: Error creating bean with name 'customerController' defined in file [C:\Users\asuarbou\Desktop\Proyectos Semanales\Entregable 1\bootcamp-ms-customers\bt-ms-customers\target\classes\com\bootcamp\btmscustomers\controller\CustomerController.class]: Unsatisfied dependency expressed through constructor parameter 1: Error creating bean with name 'mapperCustomer' defined in file [C:\Users\asuarbou\Desktop\Proyectos Semanales\Entregable 1\bootcamp-ms-customers\bt-ms-customers\target\classes\com\bootcamp\btmscustomers\mapper\MapperCustomer.class]: Unsatisfied dependency expressed through constructor parameter 0: Error creating bean with name 'customerMapper' defined in class path resource [com/bootcamp/btmscustomers/config/MapperConfig.class]: Failed to instantiate [org.modelmapper.ModelMapper]: Factory method 'customerMapper' threw exception with message: ModelMapper configuration errors:

1) Not able to skip customerType., because there are already nested properties are mapped: [customerType.description. customerType.id.]. Do you skip the property after the implicit mappings mapped? We recommended you to create an empty type map, and followed by addMappings and implicitMappings calls

1 error
2025-02-22 19:13:44.886 [main] INFO  o.s.b.a.l.ConditionEvaluationReportLogger - 

Error starting ApplicationContext. To display the condition evaluation report re-run your application with 'debug' enabled.
2025-02-22 19:13:44.901 [main] ERROR o.s.boot.SpringApplication - Application run failed
org.springframework.beans.factory.UnsatisfiedDependencyException: Error creating bean with name 'customerController' defined in file [C:\Users\asuarbou\Desktop\Proyectos Semanales\Entregable 1\bootcamp-ms-customers\bt-ms-customers\target\classes\com\bootcamp\btmscustomers\controller\CustomerController.class]: Unsatisfied dependency expressed through constructor parameter 1: Error creating bean with name 'mapperCustomer' defined in file [C:\Users\asuarbou\Desktop\Proyectos Semanales\Entregable 1\bootcamp-ms-customers\bt-ms-customers\target\classes\com\bootcamp\btmscustomers\mapper\MapperCustomer.class]: Unsatisfied dependency expressed through constructor parameter 0: Error creating bean with name 'customerMapper' defined in class path resource [com/bootcamp/btmscustomers/config/MapperConfig.class]: Failed to instantiate [org.modelmapper.ModelMapper]: Factory method 'customerMapper' threw exception with message: ModelMapper configuration errors:

1) Not able to skip customerType., because there are already nested properties are mapped: [customerType.description. customerType.id.]. Do you skip the property after the implicit mappings mapped? We recommended you to create an empty type map, and followed by addMappings and implicitMappings calls

1 error
	at org.springframework.beans.factory.support.ConstructorResolver.createArgumentArray(ConstructorResolver.java:804)
	at org.springframework.beans.factory.support.ConstructorResolver.autowireConstructor(ConstructorResolver.java:240)
	at org.springframework.beans.factory.support.AbstractAutowireCapableBeanFactory.autowireConstructor(AbstractAutowireCapableBeanFactory.java:1381)
	at org.springframework.beans.factory.support.AbstractAutowireCapableBeanFactory.createBeanInstance(AbstractAutowireCapableBeanFactory.java:1218)
	at org.springframework.beans.factory.support.AbstractAutowireCapableBeanFactory.doCreateBean(AbstractAutowireCapableBeanFactory.java:563)
	at org.springframework.beans.factory.support.AbstractAutowireCapableBeanFactory.createBean(AbstractAutowireCapableBeanFactory.java:523)
	at org.springframework.beans.factory.support.AbstractBeanFactory.lambda$doGetBean$0(AbstractBeanFactory.java:336)
	at org.springframework.beans.factory.support.DefaultSingletonBeanRegistry.getSingleton(DefaultSingletonBeanRegistry.java:307)
	at org.springframework.beans.factory.support.AbstractBeanFactory.doGetBean(AbstractBeanFactory.java:334)
	at org.springframework.beans.factory.support.AbstractBeanFactory.getBean(AbstractBeanFactory.java:199)
	at org.springframework.beans.factory.support.DefaultListableBeanFactory.instantiateSingleton(DefaultListableBeanFactory.java:1122)
	at org.springframework.beans.factory.support.DefaultListableBeanFactory.preInstantiateSingleton(DefaultListableBeanFactory.java:1093)
	at org.springframework.beans.factory.support.DefaultListableBeanFactory.preInstantiateSingletons(DefaultListableBeanFactory.java:1030)
	at org.springframework.context.support.AbstractApplicationContext.finishBeanFactoryInitialization(AbstractApplicationContext.java:987)
	at org.springframework.context.support.AbstractApplicationContext.refresh(AbstractApplicationContext.java:627)
	at org.springframework.boot.web.reactive.context.ReactiveWebServerApplicationContext.refresh(ReactiveWebServerApplicationContext.java:66)
	at org.springframework.boot.SpringApplication.refresh(SpringApplication.java:752)
	at org.springframework.boot.SpringApplication.refreshContext(SpringApplication.java:439)
	at org.springframework.boot.SpringApplication.run(SpringApplication.java:318)
	at org.springframework.boot.SpringApplication.run(SpringApplication.java:1361)
	at org.springframework.boot.SpringApplication.run(SpringApplication.java:1350)
	at com.bootcamp.btmscustomers.MsCustomersApplication.main(MsCustomersApplication.java:10)
Caused by: org.springframework.beans.factory.UnsatisfiedDependencyException: Error creating bean with name 'mapperCustomer' defined in file [C:\Users\asuarbou\Desktop\Proyectos Semanales\Entregable 1\bootcamp-ms-customers\bt-ms-customers\target\classes\com\bootcamp\btmscustomers\mapper\MapperCustomer.class]: Unsatisfied dependency expressed through constructor parameter 0: Error creating bean with name 'customerMapper' defined in class path resource [com/bootcamp/btmscustomers/config/MapperConfig.class]: Failed to instantiate [org.modelmapper.ModelMapper]: Factory method 'customerMapper' threw exception with message: ModelMapper configuration errors:

1) Not able to skip customerType., because there are already nested properties are mapped: [customerType.description. customerType.id.]. Do you skip the property after the implicit mappings mapped? We recommended you to create an empty type map, and followed by addMappings and implicitMappings calls

1 error
	at org.springframework.beans.factory.support.ConstructorResolver.createArgumentArray(ConstructorResolver.java:804)
	at org.springframework.beans.factory.support.ConstructorResolver.autowireConstructor(ConstructorResolver.java:240)
	at org.springframework.beans.factory.support.AbstractAutowireCapableBeanFactory.autowireConstructor(AbstractAutowireCapableBeanFactory.java:1381)
	at org.springframework.beans.factory.support.AbstractAutowireCapableBeanFactory.createBeanInstance(AbstractAutowireCapableBeanFactory.java:1218)
	at org.springframework.beans.factory.support.AbstractAutowireCapableBeanFactory.doCreateBean(AbstractAutowireCapableBeanFactory.java:563)
	at org.springframework.beans.factory.support.AbstractAutowireCapableBeanFactory.createBean(AbstractAutowireCapableBeanFactory.java:523)
	at org.springframework.beans.factory.support.AbstractBeanFactory.lambda$doGetBean$0(AbstractBeanFactory.java:336)
	at org.springframework.beans.factory.support.DefaultSingletonBeanRegistry.getSingleton(DefaultSingletonBeanRegistry.java:307)
	at org.springframework.beans.factory.support.AbstractBeanFactory.doGetBean(AbstractBeanFactory.java:334)
	at org.springframework.beans.factory.support.AbstractBeanFactory.getBean(AbstractBeanFactory.java:199)
	at org.springframework.beans.factory.support.DefaultListableBeanFactory.doResolveDependency(DefaultListableBeanFactory.java:1573)
	at org.springframework.beans.factory.support.DefaultListableBeanFactory.resolveDependency(DefaultListableBeanFactory.java:1519)
	at org.springframework.beans.factory.support.ConstructorResolver.resolveAutowiredArgument(ConstructorResolver.java:913)
	at org.springframework.beans.factory.support.ConstructorResolver.createArgumentArray(ConstructorResolver.java:791)
	... 21 common frames omitted
Caused by: org.springframework.beans.factory.BeanCreationException: Error creating bean with name 'customerMapper' defined in class path resource [com/bootcamp/btmscustomers/config/MapperConfig.class]: Failed to instantiate [org.modelmapper.ModelMapper]: Factory method 'customerMapper' threw exception with message: ModelMapper configuration errors:

1) Not able to skip customerType., because there are already nested properties are mapped: [customerType.description. customerType.id.]. Do you skip the property after the implicit mappings mapped? We recommended you to create an empty type map, and followed by addMappings and implicitMappings calls

1 error
	at org.springframework.beans.factory.support.ConstructorResolver.instantiate(ConstructorResolver.java:657)
	at org.springframework.beans.factory.support.ConstructorResolver.instantiateUsingFactoryMethod(ConstructorResolver.java:489)
	at org.springframework.beans.factory.support.AbstractAutowireCapableBeanFactory.instantiateUsingFactoryMethod(AbstractAutowireCapableBeanFactory.java:1361)
	at org.springframework.beans.factory.support.AbstractAutowireCapableBeanFactory.createBeanInstance(AbstractAutowireCapableBeanFactory.java:1191)
	at org.springframework.beans.factory.support.AbstractAutowireCapableBeanFactory.doCreateBean(AbstractAutowireCapableBeanFactory.java:563)
	at org.springframework.beans.factory.support.AbstractAutowireCapableBeanFactory.createBean(AbstractAutowireCapableBeanFactory.java:523)
	at org.springframework.beans.factory.support.AbstractBeanFactory.lambda$doGetBean$0(AbstractBeanFactory.java:336)
	at org.springframework.beans.factory.support.DefaultSingletonBeanRegistry.getSingleton(DefaultSingletonBeanRegistry.java:307)
	at org.springframework.beans.factory.support.AbstractBeanFactory.doGetBean(AbstractBeanFactory.java:334)
	at org.springframework.beans.factory.support.AbstractBeanFactory.getBean(AbstractBeanFactory.java:199)
	at org.springframework.beans.factory.support.DefaultListableBeanFactory.doResolveDependency(DefaultListableBeanFactory.java:1573)
	at org.springframework.beans.factory.support.DefaultListableBeanFactory.resolveDependency(DefaultListableBeanFactory.java:1519)
	at org.springframework.beans.factory.support.ConstructorResolver.resolveAutowiredArgument(ConstructorResolver.java:913)
	at org.springframework.beans.factory.support.ConstructorResolver.createArgumentArray(ConstructorResolver.java:791)
	... 34 common frames omitted
Caused by: org.springframework.beans.BeanInstantiationException: Failed to instantiate [org.modelmapper.ModelMapper]: Factory method 'customerMapper' threw exception with message: ModelMapper configuration errors:

1) Not able to skip customerType., because there are already nested properties are mapped: [customerType.description. customerType.id.]. Do you skip the property after the implicit mappings mapped? We recommended you to create an empty type map, and followed by addMappings and implicitMappings calls

1 error
	at org.springframework.beans.factory.support.SimpleInstantiationStrategy.lambda$instantiate$0(SimpleInstantiationStrategy.java:199)
	at org.springframework.beans.factory.support.SimpleInstantiationStrategy.instantiateWithFactoryMethod(SimpleInstantiationStrategy.java:88)
	at org.springframework.beans.factory.support.SimpleInstantiationStrategy.instantiate(SimpleInstantiationStrategy.java:168)
	at org.springframework.beans.factory.support.ConstructorResolver.instantiate(ConstructorResolver.java:653)
	... 47 common frames omitted
Caused by: org.modelmapper.ConfigurationException: ModelMapper configuration errors:

1) Not able to skip customerType., because there are already nested properties are mapped: [customerType.description. customerType.id.]. Do you skip the property after the implicit mappings mapped? We recommended you to create an empty type map, and followed by addMappings and implicitMappings calls

1 error
	at org.modelmapper.internal.Errors.throwConfigurationExceptionIfErrorsExist(Errors.java:240)
	at org.modelmapper.internal.ReferenceMapExpressionImpl.skipMapping(ReferenceMapExpressionImpl.java:90)
	at org.modelmapper.internal.ReferenceMapExpressionImpl.map(ReferenceMapExpressionImpl.java:68)
	at org.modelmapper.internal.TypeMapImpl.addMapping(TypeMapImpl.java:260)
	at com.bootcamp.btmscustomers.config.MapperConfig.customerMapper(MapperConfig.java:26)
	at com.bootcamp.btmscustomers.config.MapperConfig$$SpringCGLIB$$0.CGLIB$customerMapper$0(<generated>)
	at com.bootcamp.btmscustomers.config.MapperConfig$$SpringCGLIB$$FastClass$$1.invoke(<generated>)
	at org.springframework.cglib.proxy.MethodProxy.invokeSuper(MethodProxy.java:258)
	at org.springframework.context.annotation.ConfigurationClassEnhancer$BeanMethodInterceptor.intercept(ConfigurationClassEnhancer.java:348)
	at com.bootcamp.btmscustomers.config.MapperConfig$$SpringCGLIB$$0.customerMapper(<generated>)
	at java.base/jdk.internal.reflect.NativeMethodAccessorImpl.invoke0(Native Method)
	at java.base/jdk.internal.reflect.NativeMethodAccessorImpl.invoke(NativeMethodAccessorImpl.java:77)
	at java.base/jdk.internal.reflect.DelegatingMethodAccessorImpl.invoke(DelegatingMethodAccessorImpl.java:43)
	at java.base/java.lang.reflect.Method.invoke(Method.java:568)
	at org.springframework.beans.factory.support.SimpleInstantiationStrategy.lambda$instantiate$0(SimpleInstantiationStrategy.java:171)
	... 50 common frames omitted
2025-02-22 19:19:09.682 [background-preinit] INFO  o.h.validator.internal.util.Version - HV000001: Hibernate Validator 8.0.2.Final
2025-02-22 19:19:10.301 [main] INFO  o.s.c.c.c.ConfigServicePropertySourceLocator - Fetching config from server at : http://localhost:9001
2025-02-22 19:19:12.043 [main] INFO  o.s.c.c.c.ConfigServicePropertySourceLocator - Located environment: name=bt-ms-customers, profiles=[dev], label=null, version=e374c450d24cd57145ec56f3d3a5646d3ff91137, state=
2025-02-22 19:19:12.044 [main] INFO  o.s.c.b.c.PropertySourceBootstrapConfiguration - Located property source: [BootstrapPropertySource {name='bootstrapProperties-configClient'}, BootstrapPropertySource {name='bootstrapProperties-https://github.com/AldoSBou/BootcampConfigServerFiles/bt-ms-customers-dev.yml'}]
2025-02-22 19:19:12.050 [main] INFO  c.b.b.MsCustomersApplication - No active profile set, falling back to 1 default profile: "default"
2025-02-22 19:19:12.367 [main] INFO  o.s.d.r.c.RepositoryConfigurationDelegate - Bootstrapping Spring Data Reactive MongoDB repositories in DEFAULT mode.
2025-02-22 19:19:12.470 [main] INFO  o.s.d.r.c.RepositoryConfigurationDelegate - Finished Spring Data repository scanning in 96 ms. Found 3 Reactive MongoDB repository interfaces.
2025-02-22 19:19:12.608 [main] INFO  o.s.cloud.context.scope.GenericScope - BeanFactory id=cd773bd4-dba9-348c-b022-3cdac4348cfc
2025-02-22 19:19:13.280 [main] INFO  org.mongodb.driver.client - MongoClient with metadata {"driver": {"name": "mongo-java-driver|reactive-streams|spring-boot", "version": "5.2.1"}, "os": {"type": "Windows", "name": "Windows 10", "architecture": "amd64", "version": "10.0"}, "platform": "Java/Oracle Corporation/17.0.12+8-LTS-286"} created with settings MongoClientSettings{readPreference=primary, writeConcern=WriteConcern{w=null, wTimeout=null ms, journal=null}, retryWrites=true, retryReads=true, readConcern=ReadConcern{level=null}, credential=null, transportSettings=NettyTransportSettings{eventLoopGroup=io.netty.channel.nio.NioEventLoopGroup@120411ec, socketChannelClass=null, allocator=null, sslContext=null}, commandListeners=[], codecRegistry=ProvidersCodecRegistry{codecProviders=[ValueCodecProvider{}, BsonValueCodecProvider{}, DBRefCodecProvider{}, DBObjectCodecProvider{}, DocumentCodecProvider{}, CollectionCodecProvider{}, IterableCodecProvider{}, MapCodecProvider{}, GeoJsonCodecProvider{}, GridFSFileCodecProvider{}, Jsr310CodecProvider{}, JsonObjectCodecProvider{}, BsonCodecProvider{}, EnumCodecProvider{}, com.mongodb.client.model.mql.ExpressionCodecProvider@6cc8adff, com.mongodb.Jep395RecordCodecProvider@6b2e9db2, com.mongodb.KotlinCodecProvider@280d5a82]}, loggerSettings=LoggerSettings{maxDocumentLength=1000}, clusterSettings={hosts=[localhost:27017], srvServiceName=mongodb, mode=SINGLE, requiredClusterType=UNKNOWN, requiredReplicaSetName='null', serverSelector='null', clusterListeners='[]', serverSelectionTimeout='30000 ms', localThreshold='15 ms'}, socketSettings=SocketSettings{connectTimeoutMS=10000, readTimeoutMS=0, receiveBufferSize=0, proxySettings=ProxySettings{host=null, port=null, username=null, password=null}}, heartbeatSocketSettings=SocketSettings{connectTimeoutMS=10000, readTimeoutMS=10000, receiveBufferSize=0, proxySettings=ProxySettings{host=null, port=null, username=null, password=null}}, connectionPoolSettings=ConnectionPoolSettings{maxSize=100, minSize=0, maxWaitTimeMS=120000, maxConnectionLifeTimeMS=0, maxConnectionIdleTimeMS=0, maintenanceInitialDelayMS=0, maintenanceFrequencyMS=60000, connectionPoolListeners=[], maxConnecting=2}, serverSettings=ServerSettings{heartbeatFrequencyMS=10000, minHeartbeatFrequencyMS=500, serverMonitoringMode=AUTO, serverListeners='[]', serverMonitorListeners='[]'}, sslSettings=SslSettings{enabled=false, invalidHostNameAllowed=false, context=null}, applicationName='null', compressorList=[], uuidRepresentation=JAVA_LEGACY, serverApi=null, autoEncryptionSettings=null, dnsClient=null, inetAddressResolver=null, contextProvider=null, timeoutMS=null}
2025-02-22 19:19:13.412 [cluster-ClusterId{value='67ba6981abc80a13b5f6ee7a', description='null'}-localhost:27017] INFO  org.mongodb.driver.cluster - Monitor thread successfully connected to server with description ServerDescription{address=localhost:27017, type=STANDALONE, cryptd=false, state=CONNECTED, ok=true, minWireVersion=0, maxWireVersion=25, maxDocumentSize=16777216, logicalSessionTimeoutMinutes=30, roundTripTimeNanos=48754900, minRoundTripTimeNanos=0}
2025-02-22 19:19:13.843 [main] WARN  o.s.b.w.r.c.AnnotationConfigReactiveWebServerApplicationContext - Exception encountered during context initialization - cancelling refresh attempt: org.springframework.beans.factory.UnsatisfiedDependencyException: Error creating bean with name 'customerController' defined in file [C:\Users\asuarbou\Desktop\Proyectos Semanales\Entregable 1\bootcamp-ms-customers\bt-ms-customers\target\classes\com\bootcamp\btmscustomers\controller\CustomerController.class]: Unsatisfied dependency expressed through constructor parameter 1: Error creating bean with name 'mapperCustomer' defined in file [C:\Users\asuarbou\Desktop\Proyectos Semanales\Entregable 1\bootcamp-ms-customers\bt-ms-customers\target\classes\com\bootcamp\btmscustomers\mapper\MapperCustomer.class]: Unsatisfied dependency expressed through constructor parameter 0: Error creating bean with name 'customerMapper' defined in class path resource [com/bootcamp/btmscustomers/config/MapperConfig.class]: Failed to instantiate [org.modelmapper.ModelMapper]: Factory method 'customerMapper' threw exception with message: ModelMapper configuration errors:

1) Not able to skip customerType., because there are already nested properties are mapped: [customerType.description. customerType.id.]. Do you skip the property after the implicit mappings mapped? We recommended you to create an empty type map, and followed by addMappings and implicitMappings calls

1 error
2025-02-22 19:19:15.938 [main] INFO  o.s.b.a.l.ConditionEvaluationReportLogger - 

Error starting ApplicationContext. To display the condition evaluation report re-run your application with 'debug' enabled.
2025-02-22 19:19:15.960 [main] ERROR o.s.boot.SpringApplication - Application run failed
org.springframework.beans.factory.UnsatisfiedDependencyException: Error creating bean with name 'customerController' defined in file [C:\Users\asuarbou\Desktop\Proyectos Semanales\Entregable 1\bootcamp-ms-customers\bt-ms-customers\target\classes\com\bootcamp\btmscustomers\controller\CustomerController.class]: Unsatisfied dependency expressed through constructor parameter 1: Error creating bean with name 'mapperCustomer' defined in file [C:\Users\asuarbou\Desktop\Proyectos Semanales\Entregable 1\bootcamp-ms-customers\bt-ms-customers\target\classes\com\bootcamp\btmscustomers\mapper\MapperCustomer.class]: Unsatisfied dependency expressed through constructor parameter 0: Error creating bean with name 'customerMapper' defined in class path resource [com/bootcamp/btmscustomers/config/MapperConfig.class]: Failed to instantiate [org.modelmapper.ModelMapper]: Factory method 'customerMapper' threw exception with message: ModelMapper configuration errors:

1) Not able to skip customerType., because there are already nested properties are mapped: [customerType.description. customerType.id.]. Do you skip the property after the implicit mappings mapped? We recommended you to create an empty type map, and followed by addMappings and implicitMappings calls

1 error
	at org.springframework.beans.factory.support.ConstructorResolver.createArgumentArray(ConstructorResolver.java:804)
	at org.springframework.beans.factory.support.ConstructorResolver.autowireConstructor(ConstructorResolver.java:240)
	at org.springframework.beans.factory.support.AbstractAutowireCapableBeanFactory.autowireConstructor(AbstractAutowireCapableBeanFactory.java:1381)
	at org.springframework.beans.factory.support.AbstractAutowireCapableBeanFactory.createBeanInstance(AbstractAutowireCapableBeanFactory.java:1218)
	at org.springframework.beans.factory.support.AbstractAutowireCapableBeanFactory.doCreateBean(AbstractAutowireCapableBeanFactory.java:563)
	at org.springframework.beans.factory.support.AbstractAutowireCapableBeanFactory.createBean(AbstractAutowireCapableBeanFactory.java:523)
	at org.springframework.beans.factory.support.AbstractBeanFactory.lambda$doGetBean$0(AbstractBeanFactory.java:336)
	at org.springframework.beans.factory.support.DefaultSingletonBeanRegistry.getSingleton(DefaultSingletonBeanRegistry.java:307)
	at org.springframework.beans.factory.support.AbstractBeanFactory.doGetBean(AbstractBeanFactory.java:334)
	at org.springframework.beans.factory.support.AbstractBeanFactory.getBean(AbstractBeanFactory.java:199)
	at org.springframework.beans.factory.support.DefaultListableBeanFactory.instantiateSingleton(DefaultListableBeanFactory.java:1122)
	at org.springframework.beans.factory.support.DefaultListableBeanFactory.preInstantiateSingleton(DefaultListableBeanFactory.java:1093)
	at org.springframework.beans.factory.support.DefaultListableBeanFactory.preInstantiateSingletons(DefaultListableBeanFactory.java:1030)
	at org.springframework.context.support.AbstractApplicationContext.finishBeanFactoryInitialization(AbstractApplicationContext.java:987)
	at org.springframework.context.support.AbstractApplicationContext.refresh(AbstractApplicationContext.java:627)
	at org.springframework.boot.web.reactive.context.ReactiveWebServerApplicationContext.refresh(ReactiveWebServerApplicationContext.java:66)
	at org.springframework.boot.SpringApplication.refresh(SpringApplication.java:752)
	at org.springframework.boot.SpringApplication.refreshContext(SpringApplication.java:439)
	at org.springframework.boot.SpringApplication.run(SpringApplication.java:318)
	at org.springframework.boot.SpringApplication.run(SpringApplication.java:1361)
	at org.springframework.boot.SpringApplication.run(SpringApplication.java:1350)
	at com.bootcamp.btmscustomers.MsCustomersApplication.main(MsCustomersApplication.java:10)
Caused by: org.springframework.beans.factory.UnsatisfiedDependencyException: Error creating bean with name 'mapperCustomer' defined in file [C:\Users\asuarbou\Desktop\Proyectos Semanales\Entregable 1\bootcamp-ms-customers\bt-ms-customers\target\classes\com\bootcamp\btmscustomers\mapper\MapperCustomer.class]: Unsatisfied dependency expressed through constructor parameter 0: Error creating bean with name 'customerMapper' defined in class path resource [com/bootcamp/btmscustomers/config/MapperConfig.class]: Failed to instantiate [org.modelmapper.ModelMapper]: Factory method 'customerMapper' threw exception with message: ModelMapper configuration errors:

1) Not able to skip customerType., because there are already nested properties are mapped: [customerType.description. customerType.id.]. Do you skip the property after the implicit mappings mapped? We recommended you to create an empty type map, and followed by addMappings and implicitMappings calls

1 error
	at org.springframework.beans.factory.support.ConstructorResolver.createArgumentArray(ConstructorResolver.java:804)
	at org.springframework.beans.factory.support.ConstructorResolver.autowireConstructor(ConstructorResolver.java:240)
	at org.springframework.beans.factory.support.AbstractAutowireCapableBeanFactory.autowireConstructor(AbstractAutowireCapableBeanFactory.java:1381)
	at org.springframework.beans.factory.support.AbstractAutowireCapableBeanFactory.createBeanInstance(AbstractAutowireCapableBeanFactory.java:1218)
	at org.springframework.beans.factory.support.AbstractAutowireCapableBeanFactory.doCreateBean(AbstractAutowireCapableBeanFactory.java:563)
	at org.springframework.beans.factory.support.AbstractAutowireCapableBeanFactory.createBean(AbstractAutowireCapableBeanFactory.java:523)
	at org.springframework.beans.factory.support.AbstractBeanFactory.lambda$doGetBean$0(AbstractBeanFactory.java:336)
	at org.springframework.beans.factory.support.DefaultSingletonBeanRegistry.getSingleton(DefaultSingletonBeanRegistry.java:307)
	at org.springframework.beans.factory.support.AbstractBeanFactory.doGetBean(AbstractBeanFactory.java:334)
	at org.springframework.beans.factory.support.AbstractBeanFactory.getBean(AbstractBeanFactory.java:199)
	at org.springframework.beans.factory.support.DefaultListableBeanFactory.doResolveDependency(DefaultListableBeanFactory.java:1573)
	at org.springframework.beans.factory.support.DefaultListableBeanFactory.resolveDependency(DefaultListableBeanFactory.java:1519)
	at org.springframework.beans.factory.support.ConstructorResolver.resolveAutowiredArgument(ConstructorResolver.java:913)
	at org.springframework.beans.factory.support.ConstructorResolver.createArgumentArray(ConstructorResolver.java:791)
	... 21 common frames omitted
Caused by: org.springframework.beans.factory.BeanCreationException: Error creating bean with name 'customerMapper' defined in class path resource [com/bootcamp/btmscustomers/config/MapperConfig.class]: Failed to instantiate [org.modelmapper.ModelMapper]: Factory method 'customerMapper' threw exception with message: ModelMapper configuration errors:

1) Not able to skip customerType., because there are already nested properties are mapped: [customerType.description. customerType.id.]. Do you skip the property after the implicit mappings mapped? We recommended you to create an empty type map, and followed by addMappings and implicitMappings calls

1 error
	at org.springframework.beans.factory.support.ConstructorResolver.instantiate(ConstructorResolver.java:657)
	at org.springframework.beans.factory.support.ConstructorResolver.instantiateUsingFactoryMethod(ConstructorResolver.java:645)
	at org.springframework.beans.factory.support.AbstractAutowireCapableBeanFactory.instantiateUsingFactoryMethod(AbstractAutowireCapableBeanFactory.java:1361)
	at org.springframework.beans.factory.support.AbstractAutowireCapableBeanFactory.createBeanInstance(AbstractAutowireCapableBeanFactory.java:1191)
	at org.springframework.beans.factory.support.AbstractAutowireCapableBeanFactory.doCreateBean(AbstractAutowireCapableBeanFactory.java:563)
	at org.springframework.beans.factory.support.AbstractAutowireCapableBeanFactory.createBean(AbstractAutowireCapableBeanFactory.java:523)
	at org.springframework.beans.factory.support.AbstractBeanFactory.lambda$doGetBean$0(AbstractBeanFactory.java:336)
	at org.springframework.beans.factory.support.DefaultSingletonBeanRegistry.getSingleton(DefaultSingletonBeanRegistry.java:307)
	at org.springframework.beans.factory.support.AbstractBeanFactory.doGetBean(AbstractBeanFactory.java:334)
	at org.springframework.beans.factory.support.AbstractBeanFactory.getBean(AbstractBeanFactory.java:199)
	at org.springframework.beans.factory.support.DefaultListableBeanFactory.doResolveDependency(DefaultListableBeanFactory.java:1573)
	at org.springframework.beans.factory.support.DefaultListableBeanFactory.resolveDependency(DefaultListableBeanFactory.java:1519)
	at org.springframework.beans.factory.support.ConstructorResolver.resolveAutowiredArgument(ConstructorResolver.java:913)
	at org.springframework.beans.factory.support.ConstructorResolver.createArgumentArray(ConstructorResolver.java:791)
	... 34 common frames omitted
Caused by: org.springframework.beans.BeanInstantiationException: Failed to instantiate [org.modelmapper.ModelMapper]: Factory method 'customerMapper' threw exception with message: ModelMapper configuration errors:

1) Not able to skip customerType., because there are already nested properties are mapped: [customerType.description. customerType.id.]. Do you skip the property after the implicit mappings mapped? We recommended you to create an empty type map, and followed by addMappings and implicitMappings calls

1 error
	at org.springframework.beans.factory.support.SimpleInstantiationStrategy.lambda$instantiate$0(SimpleInstantiationStrategy.java:199)
	at org.springframework.beans.factory.support.SimpleInstantiationStrategy.instantiateWithFactoryMethod(SimpleInstantiationStrategy.java:88)
	at org.springframework.beans.factory.support.SimpleInstantiationStrategy.instantiate(SimpleInstantiationStrategy.java:168)
	at org.springframework.beans.factory.support.ConstructorResolver.instantiate(ConstructorResolver.java:653)
	... 47 common frames omitted
Caused by: org.modelmapper.ConfigurationException: ModelMapper configuration errors:

1) Not able to skip customerType., because there are already nested properties are mapped: [customerType.description. customerType.id.]. Do you skip the property after the implicit mappings mapped? We recommended you to create an empty type map, and followed by addMappings and implicitMappings calls

1 error
	at org.modelmapper.internal.Errors.throwConfigurationExceptionIfErrorsExist(Errors.java:240)
	at org.modelmapper.internal.ReferenceMapExpressionImpl.skipMapping(ReferenceMapExpressionImpl.java:90)
	at org.modelmapper.internal.ReferenceMapExpressionImpl.map(ReferenceMapExpressionImpl.java:68)
	at org.modelmapper.internal.TypeMapImpl.addMapping(TypeMapImpl.java:260)
	at com.bootcamp.btmscustomers.config.MapperConfig.customerMapper(MapperConfig.java:59)
	at com.bootcamp.btmscustomers.config.MapperConfig$$SpringCGLIB$$0.CGLIB$customerMapper$0(<generated>)
	at com.bootcamp.btmscustomers.config.MapperConfig$$SpringCGLIB$$FastClass$$1.invoke(<generated>)
	at org.springframework.cglib.proxy.MethodProxy.invokeSuper(MethodProxy.java:258)
	at org.springframework.context.annotation.ConfigurationClassEnhancer$BeanMethodInterceptor.intercept(ConfigurationClassEnhancer.java:348)
	at com.bootcamp.btmscustomers.config.MapperConfig$$SpringCGLIB$$0.customerMapper(<generated>)
	at java.base/jdk.internal.reflect.NativeMethodAccessorImpl.invoke0(Native Method)
	at java.base/jdk.internal.reflect.NativeMethodAccessorImpl.invoke(NativeMethodAccessorImpl.java:77)
	at java.base/jdk.internal.reflect.DelegatingMethodAccessorImpl.invoke(DelegatingMethodAccessorImpl.java:43)
	at java.base/java.lang.reflect.Method.invoke(Method.java:568)
	at org.springframework.beans.factory.support.SimpleInstantiationStrategy.lambda$instantiate$0(SimpleInstantiationStrategy.java:171)
	... 50 common frames omitted
2025-02-22 19:21:15.219 [background-preinit] INFO  o.h.validator.internal.util.Version - HV000001: Hibernate Validator 8.0.2.Final
2025-02-22 19:21:15.757 [main] INFO  o.s.c.c.c.ConfigServicePropertySourceLocator - Fetching config from server at : http://localhost:9001
2025-02-22 19:21:17.550 [main] INFO  o.s.c.c.c.ConfigServicePropertySourceLocator - Located environment: name=bt-ms-customers, profiles=[dev], label=null, version=e374c450d24cd57145ec56f3d3a5646d3ff91137, state=
2025-02-22 19:21:17.551 [main] INFO  o.s.c.b.c.PropertySourceBootstrapConfiguration - Located property source: [BootstrapPropertySource {name='bootstrapProperties-configClient'}, BootstrapPropertySource {name='bootstrapProperties-https://github.com/AldoSBou/BootcampConfigServerFiles/bt-ms-customers-dev.yml'}]
2025-02-22 19:21:17.557 [main] INFO  c.b.b.MsCustomersApplication - No active profile set, falling back to 1 default profile: "default"
2025-02-22 19:21:17.861 [main] INFO  o.s.d.r.c.RepositoryConfigurationDelegate - Bootstrapping Spring Data Reactive MongoDB repositories in DEFAULT mode.
2025-02-22 19:21:17.949 [main] INFO  o.s.d.r.c.RepositoryConfigurationDelegate - Finished Spring Data repository scanning in 83 ms. Found 3 Reactive MongoDB repository interfaces.
2025-02-22 19:21:18.080 [main] INFO  o.s.cloud.context.scope.GenericScope - BeanFactory id=cd773bd4-dba9-348c-b022-3cdac4348cfc
2025-02-22 19:21:18.778 [main] INFO  org.mongodb.driver.client - MongoClient with metadata {"driver": {"name": "mongo-java-driver|reactive-streams|spring-boot", "version": "5.2.1"}, "os": {"type": "Windows", "name": "Windows 10", "architecture": "amd64", "version": "10.0"}, "platform": "Java/Oracle Corporation/17.0.12+8-LTS-286"} created with settings MongoClientSettings{readPreference=primary, writeConcern=WriteConcern{w=null, wTimeout=null ms, journal=null}, retryWrites=true, retryReads=true, readConcern=ReadConcern{level=null}, credential=null, transportSettings=NettyTransportSettings{eventLoopGroup=io.netty.channel.nio.NioEventLoopGroup@3ef0e576, socketChannelClass=null, allocator=null, sslContext=null}, commandListeners=[], codecRegistry=ProvidersCodecRegistry{codecProviders=[ValueCodecProvider{}, BsonValueCodecProvider{}, DBRefCodecProvider{}, DBObjectCodecProvider{}, DocumentCodecProvider{}, CollectionCodecProvider{}, IterableCodecProvider{}, MapCodecProvider{}, GeoJsonCodecProvider{}, GridFSFileCodecProvider{}, Jsr310CodecProvider{}, JsonObjectCodecProvider{}, BsonCodecProvider{}, EnumCodecProvider{}, com.mongodb.client.model.mql.ExpressionCodecProvider@da34eb0, com.mongodb.Jep395RecordCodecProvider@785a4557, com.mongodb.KotlinCodecProvider@2bf3ec4]}, loggerSettings=LoggerSettings{maxDocumentLength=1000}, clusterSettings={hosts=[localhost:27017], srvServiceName=mongodb, mode=SINGLE, requiredClusterType=UNKNOWN, requiredReplicaSetName='null', serverSelector='null', clusterListeners='[]', serverSelectionTimeout='30000 ms', localThreshold='15 ms'}, socketSettings=SocketSettings{connectTimeoutMS=10000, readTimeoutMS=0, receiveBufferSize=0, proxySettings=ProxySettings{host=null, port=null, username=null, password=null}}, heartbeatSocketSettings=SocketSettings{connectTimeoutMS=10000, readTimeoutMS=10000, receiveBufferSize=0, proxySettings=ProxySettings{host=null, port=null, username=null, password=null}}, connectionPoolSettings=ConnectionPoolSettings{maxSize=100, minSize=0, maxWaitTimeMS=120000, maxConnectionLifeTimeMS=0, maxConnectionIdleTimeMS=0, maintenanceInitialDelayMS=0, maintenanceFrequencyMS=60000, connectionPoolListeners=[], maxConnecting=2}, serverSettings=ServerSettings{heartbeatFrequencyMS=10000, minHeartbeatFrequencyMS=500, serverMonitoringMode=AUTO, serverListeners='[]', serverMonitorListeners='[]'}, sslSettings=SslSettings{enabled=false, invalidHostNameAllowed=false, context=null}, applicationName='null', compressorList=[], uuidRepresentation=JAVA_LEGACY, serverApi=null, autoEncryptionSettings=null, dnsClient=null, inetAddressResolver=null, contextProvider=null, timeoutMS=null}
2025-02-22 19:21:18.945 [cluster-ClusterId{value='67ba69fea7ba21522201cf3c', description='null'}-localhost:27017] INFO  org.mongodb.driver.cluster - Monitor thread successfully connected to server with description ServerDescription{address=localhost:27017, type=STANDALONE, cryptd=false, state=CONNECTED, ok=true, minWireVersion=0, maxWireVersion=25, maxDocumentSize=16777216, logicalSessionTimeoutMinutes=30, roundTripTimeNanos=38336600, minRoundTripTimeNanos=0}
2025-02-22 19:21:19.513 [main] WARN  o.s.b.w.r.c.AnnotationConfigReactiveWebServerApplicationContext - Exception encountered during context initialization - cancelling refresh attempt: org.springframework.beans.factory.BeanCreationException: Error creating bean with name 'IGenericRepository' defined in com.bootcamp.btmscustomers.repository.IGenericRepository defined in @EnableReactiveMongoRepositories declared on MongoReactiveRepositoriesRegistrar.EnableReactiveMongoRepositoriesConfiguration: Couldn't find PersistentEntity for type class java.lang.Object
2025-02-22 19:21:21.607 [main] INFO  o.s.b.a.l.ConditionEvaluationReportLogger - 

Error starting ApplicationContext. To display the condition evaluation report re-run your application with 'debug' enabled.
2025-02-22 19:21:21.625 [main] ERROR o.s.boot.SpringApplication - Application run failed
org.springframework.beans.factory.BeanCreationException: Error creating bean with name 'IGenericRepository' defined in com.bootcamp.btmscustomers.repository.IGenericRepository defined in @EnableReactiveMongoRepositories declared on MongoReactiveRepositoriesRegistrar.EnableReactiveMongoRepositoriesConfiguration: Couldn't find PersistentEntity for type class java.lang.Object
	at org.springframework.beans.factory.support.AbstractAutowireCapableBeanFactory.initializeBean(AbstractAutowireCapableBeanFactory.java:1812)
	at org.springframework.beans.factory.support.AbstractAutowireCapableBeanFactory.doCreateBean(AbstractAutowireCapableBeanFactory.java:601)
	at org.springframework.beans.factory.support.AbstractAutowireCapableBeanFactory.createBean(AbstractAutowireCapableBeanFactory.java:523)
	at org.springframework.beans.factory.support.AbstractBeanFactory.lambda$doGetBean$0(AbstractBeanFactory.java:336)
	at org.springframework.beans.factory.support.DefaultSingletonBeanRegistry.getSingleton(DefaultSingletonBeanRegistry.java:307)
	at org.springframework.beans.factory.support.AbstractBeanFactory.doGetBean(AbstractBeanFactory.java:334)
	at org.springframework.beans.factory.support.AbstractBeanFactory.getBean(AbstractBeanFactory.java:199)
	at org.springframework.beans.factory.support.DefaultListableBeanFactory.instantiateSingleton(DefaultListableBeanFactory.java:1116)
	at org.springframework.beans.factory.support.DefaultListableBeanFactory.preInstantiateSingleton(DefaultListableBeanFactory.java:1093)
	at org.springframework.beans.factory.support.DefaultListableBeanFactory.preInstantiateSingletons(DefaultListableBeanFactory.java:1030)
	at org.springframework.context.support.AbstractApplicationContext.finishBeanFactoryInitialization(AbstractApplicationContext.java:987)
	at org.springframework.context.support.AbstractApplicationContext.refresh(AbstractApplicationContext.java:627)
	at org.springframework.boot.web.reactive.context.ReactiveWebServerApplicationContext.refresh(ReactiveWebServerApplicationContext.java:66)
	at org.springframework.boot.SpringApplication.refresh(SpringApplication.java:752)
	at org.springframework.boot.SpringApplication.refreshContext(SpringApplication.java:439)
	at org.springframework.boot.SpringApplication.run(SpringApplication.java:318)
	at org.springframework.boot.SpringApplication.run(SpringApplication.java:1361)
	at org.springframework.boot.SpringApplication.run(SpringApplication.java:1350)
	at com.bootcamp.btmscustomers.MsCustomersApplication.main(MsCustomersApplication.java:10)
Caused by: org.springframework.data.mapping.MappingException: Couldn't find PersistentEntity for type class java.lang.Object
	at org.springframework.data.mapping.context.MappingContext.getRequiredPersistentEntity(MappingContext.java:80)
	at org.springframework.data.mongodb.repository.support.ReactiveMongoRepositoryFactory.getEntityInformation(ReactiveMongoRepositoryFactory.java:149)
	at org.springframework.data.mongodb.repository.support.ReactiveMongoRepositoryFactory.getTargetRepository(ReactiveMongoRepositoryFactory.java:124)
	at org.springframework.data.repository.core.support.RepositoryFactorySupport.getRepository(RepositoryFactorySupport.java:386)
	at org.springframework.data.repository.core.support.RepositoryFactoryBeanSupport.lambda$afterPropertiesSet$4(RepositoryFactoryBeanSupport.java:350)
	at org.springframework.data.util.Lazy.getNullable(Lazy.java:135)
	at org.springframework.data.util.Lazy.get(Lazy.java:113)
	at org.springframework.data.repository.core.support.RepositoryFactoryBeanSupport.afterPropertiesSet(RepositoryFactoryBeanSupport.java:356)
	at org.springframework.data.mongodb.repository.support.ReactiveMongoRepositoryFactoryBean.afterPropertiesSet(ReactiveMongoRepositoryFactoryBean.java:116)
	at org.springframework.beans.factory.support.AbstractAutowireCapableBeanFactory.invokeInitMethods(AbstractAutowireCapableBeanFactory.java:1859)
	at org.springframework.beans.factory.support.AbstractAutowireCapableBeanFactory.initializeBean(AbstractAutowireCapableBeanFactory.java:1808)
	... 18 common frames omitted
2025-02-22 19:22:24.048 [background-preinit] INFO  o.h.validator.internal.util.Version - HV000001: Hibernate Validator 8.0.2.Final
2025-02-22 19:22:24.625 [main] INFO  o.s.c.c.c.ConfigServicePropertySourceLocator - Fetching config from server at : http://localhost:9001
2025-02-22 19:22:26.992 [main] INFO  o.s.c.c.c.ConfigServicePropertySourceLocator - Located environment: name=bt-ms-customers, profiles=[dev], label=null, version=e374c450d24cd57145ec56f3d3a5646d3ff91137, state=
2025-02-22 19:22:26.993 [main] INFO  o.s.c.b.c.PropertySourceBootstrapConfiguration - Located property source: [BootstrapPropertySource {name='bootstrapProperties-configClient'}, BootstrapPropertySource {name='bootstrapProperties-https://github.com/AldoSBou/BootcampConfigServerFiles/bt-ms-customers-dev.yml'}]
2025-02-22 19:22:27.000 [main] INFO  c.b.b.MsCustomersApplication - No active profile set, falling back to 1 default profile: "default"
2025-02-22 19:22:27.270 [main] INFO  o.s.d.r.c.RepositoryConfigurationDelegate - Bootstrapping Spring Data Reactive MongoDB repositories in DEFAULT mode.
2025-02-22 19:22:27.356 [main] INFO  o.s.d.r.c.RepositoryConfigurationDelegate - Finished Spring Data repository scanning in 76 ms. Found 2 Reactive MongoDB repository interfaces.
2025-02-22 19:22:27.518 [main] INFO  o.s.cloud.context.scope.GenericScope - BeanFactory id=72ef2494-619c-372b-b9c2-31ce237d2dbe
2025-02-22 19:22:28.168 [main] INFO  org.mongodb.driver.client - MongoClient with metadata {"driver": {"name": "mongo-java-driver|reactive-streams|spring-boot", "version": "5.2.1"}, "os": {"type": "Windows", "name": "Windows 10", "architecture": "amd64", "version": "10.0"}, "platform": "Java/Oracle Corporation/17.0.12+8-LTS-286"} created with settings MongoClientSettings{readPreference=primary, writeConcern=WriteConcern{w=null, wTimeout=null ms, journal=null}, retryWrites=true, retryReads=true, readConcern=ReadConcern{level=null}, credential=null, transportSettings=NettyTransportSettings{eventLoopGroup=io.netty.channel.nio.NioEventLoopGroup@3ef0e576, socketChannelClass=null, allocator=null, sslContext=null}, commandListeners=[], codecRegistry=ProvidersCodecRegistry{codecProviders=[ValueCodecProvider{}, BsonValueCodecProvider{}, DBRefCodecProvider{}, DBObjectCodecProvider{}, DocumentCodecProvider{}, CollectionCodecProvider{}, IterableCodecProvider{}, MapCodecProvider{}, GeoJsonCodecProvider{}, GridFSFileCodecProvider{}, Jsr310CodecProvider{}, JsonObjectCodecProvider{}, BsonCodecProvider{}, EnumCodecProvider{}, com.mongodb.client.model.mql.ExpressionCodecProvider@da34eb0, com.mongodb.Jep395RecordCodecProvider@785a4557, com.mongodb.KotlinCodecProvider@2bf3ec4]}, loggerSettings=LoggerSettings{maxDocumentLength=1000}, clusterSettings={hosts=[localhost:27017], srvServiceName=mongodb, mode=SINGLE, requiredClusterType=UNKNOWN, requiredReplicaSetName='null', serverSelector='null', clusterListeners='[]', serverSelectionTimeout='30000 ms', localThreshold='15 ms'}, socketSettings=SocketSettings{connectTimeoutMS=10000, readTimeoutMS=0, receiveBufferSize=0, proxySettings=ProxySettings{host=null, port=null, username=null, password=null}}, heartbeatSocketSettings=SocketSettings{connectTimeoutMS=10000, readTimeoutMS=10000, receiveBufferSize=0, proxySettings=ProxySettings{host=null, port=null, username=null, password=null}}, connectionPoolSettings=ConnectionPoolSettings{maxSize=100, minSize=0, maxWaitTimeMS=120000, maxConnectionLifeTimeMS=0, maxConnectionIdleTimeMS=0, maintenanceInitialDelayMS=0, maintenanceFrequencyMS=60000, connectionPoolListeners=[], maxConnecting=2}, serverSettings=ServerSettings{heartbeatFrequencyMS=10000, minHeartbeatFrequencyMS=500, serverMonitoringMode=AUTO, serverListeners='[]', serverMonitorListeners='[]'}, sslSettings=SslSettings{enabled=false, invalidHostNameAllowed=false, context=null}, applicationName='null', compressorList=[], uuidRepresentation=JAVA_LEGACY, serverApi=null, autoEncryptionSettings=null, dnsClient=null, inetAddressResolver=null, contextProvider=null, timeoutMS=null}
2025-02-22 19:22:28.291 [cluster-ClusterId{value='67ba6a44922ea02dd4d7de08', description='null'}-localhost:27017] INFO  org.mongodb.driver.cluster - Monitor thread successfully connected to server with description ServerDescription{address=localhost:27017, type=STANDALONE, cryptd=false, state=CONNECTED, ok=true, minWireVersion=0, maxWireVersion=25, maxDocumentSize=16777216, logicalSessionTimeoutMinutes=30, roundTripTimeNanos=44745900, minRoundTripTimeNanos=0}
2025-02-22 19:22:29.093 [main] INFO  o.s.c.n.e.c.DiscoveryClientOptionalArgsConfiguration - Eureka HTTP Client uses RestTemplate.
2025-02-22 19:22:29.123 [main] WARN  o.s.c.l.c.LoadBalancerCacheAutoConfiguration$LoadBalancerCaffeineWarnLogger - Spring Cloud LoadBalancer is currently working with the default cache. While this cache implementation is useful for development and tests, it's recommended to use Caffeine cache in production.You can switch to using Caffeine cache, by adding it and org.springframework.cache.caffeine.CaffeineCacheManager to the classpath.
2025-02-22 19:22:29.176 [main] INFO  o.s.c.n.eureka.InstanceInfoFactory - Setting initial instance status as: STARTING
2025-02-22 19:22:29.192 [main] INFO  c.netflix.discovery.DiscoveryClient - Initializing Eureka in region us-east-1
2025-02-22 19:22:29.196 [main] INFO  c.n.d.s.r.aws.ConfigClusterResolver - Resolving eureka endpoints via configuration
2025-02-22 19:22:29.203 [main] INFO  c.netflix.discovery.DiscoveryClient - Disable delta property : false
2025-02-22 19:22:29.203 [main] INFO  c.netflix.discovery.DiscoveryClient - Single vip registry refresh property : null
2025-02-22 19:22:29.203 [main] INFO  c.netflix.discovery.DiscoveryClient - Force full registry fetch : false
2025-02-22 19:22:29.203 [main] INFO  c.netflix.discovery.DiscoveryClient - Application is null : false
2025-02-22 19:22:29.204 [main] INFO  c.netflix.discovery.DiscoveryClient - Registered Applications size is zero : true
2025-02-22 19:22:29.204 [main] INFO  c.netflix.discovery.DiscoveryClient - Application version is -1: true
2025-02-22 19:22:29.204 [main] INFO  c.netflix.discovery.DiscoveryClient - Getting all instance registry info from the eureka server
2025-02-22 19:22:29.416 [main] INFO  c.netflix.discovery.DiscoveryClient - The response status is 200
2025-02-22 19:22:29.418 [main] INFO  c.netflix.discovery.DiscoveryClient - Starting heartbeat executor: renew interval is: 30
2025-02-22 19:22:29.420 [main] INFO  c.n.discovery.InstanceInfoReplicator - InstanceInfoReplicator onDemand update allowed rate per min is 4
2025-02-22 19:22:29.422 [main] INFO  c.netflix.discovery.DiscoveryClient - Discovery Client initialized at timestamp 1740270149421 with initial instances count: 1
2025-02-22 19:22:29.424 [main] INFO  o.s.c.n.e.s.EurekaServiceRegistry - Registering application BT-MS-CUSTOMERS with eureka with status UP
2025-02-22 19:22:29.425 [main] INFO  c.netflix.discovery.DiscoveryClient - Saw local status change event StatusChangeEvent [timestamp=1740270149425, current=UP, previous=STARTING]
2025-02-22 19:22:29.427 [DiscoveryClient-InstanceInfoReplicator-%d] INFO  c.netflix.discovery.DiscoveryClient - DiscoveryClient_BT-MS-CUSTOMERS/NTTD-1MYJR54.mshome.net:bt-ms-customers:8081: registering service...
2025-02-22 19:22:29.462 [DiscoveryClient-InstanceInfoReplicator-%d] INFO  c.netflix.discovery.DiscoveryClient - DiscoveryClient_BT-MS-CUSTOMERS/NTTD-1MYJR54.mshome.net:bt-ms-customers:8081 - registration status: 204
2025-02-22 19:22:29.575 [main] INFO  o.s.b.w.e.netty.NettyWebServer - Netty started on port 8081 (http)
2025-02-22 19:22:29.576 [main] INFO  o.s.c.n.e.s.EurekaAutoServiceRegistration - Updating port to 8081
2025-02-22 19:22:29.935 [main] INFO  c.b.b.MsCustomersApplication - Started MsCustomersApplication in 6.4 seconds (process running for 7.153)
2025-02-22 19:24:46.143 [SpringApplicationShutdownHook] INFO  o.s.c.n.e.s.EurekaServiceRegistry - Unregistering application BT-MS-CUSTOMERS with eureka with status DOWN
2025-02-22 19:24:46.144 [SpringApplicationShutdownHook] INFO  c.netflix.discovery.DiscoveryClient - Saw local status change event StatusChangeEvent [timestamp=1740270286144, current=DOWN, previous=UP]
2025-02-22 19:24:46.144 [DiscoveryClient-InstanceInfoReplicator-%d] INFO  c.netflix.discovery.DiscoveryClient - DiscoveryClient_BT-MS-CUSTOMERS/NTTD-1MYJR54.mshome.net:bt-ms-customers:8081: registering service...
2025-02-22 19:24:46.147 [SpringApplicationShutdownHook] INFO  o.s.b.w.e.netty.GracefulShutdown - Commencing graceful shutdown. Waiting for active requests to complete
2025-02-22 19:24:46.149 [netty-shutdown] INFO  o.s.b.w.e.netty.GracefulShutdown - Graceful shutdown complete
2025-02-22 19:24:46.155 [DiscoveryClient-InstanceInfoReplicator-%d] INFO  c.netflix.discovery.DiscoveryClient - DiscoveryClient_BT-MS-CUSTOMERS/NTTD-1MYJR54.mshome.net:bt-ms-customers:8081 - registration status: 204
2025-02-22 19:24:50.335 [SpringApplicationShutdownHook] INFO  c.netflix.discovery.DiscoveryClient - Shutting down DiscoveryClient ...
2025-02-22 19:24:53.350 [SpringApplicationShutdownHook] INFO  c.netflix.discovery.DiscoveryClient - Unregistering ...
2025-02-22 19:24:53.370 [SpringApplicationShutdownHook] INFO  c.netflix.discovery.DiscoveryClient - DiscoveryClient_BT-MS-CUSTOMERS/NTTD-1MYJR54.mshome.net:bt-ms-customers:8081 - deregister  status: 200
2025-02-22 19:24:53.371 [SpringApplicationShutdownHook] INFO  c.netflix.discovery.DiscoveryClient - Completed shut down of DiscoveryClient
2025-02-22 19:24:59.024 [background-preinit] INFO  o.h.validator.internal.util.Version - HV000001: Hibernate Validator 8.0.2.Final
2025-02-22 19:24:59.543 [main] INFO  o.s.c.c.c.ConfigServicePropertySourceLocator - Fetching config from server at : http://localhost:9001
2025-02-22 19:25:01.352 [main] INFO  o.s.c.c.c.ConfigServicePropertySourceLocator - Located environment: name=bt-ms-customers, profiles=[dev], label=null, version=e374c450d24cd57145ec56f3d3a5646d3ff91137, state=
2025-02-22 19:25:01.353 [main] INFO  o.s.c.b.c.PropertySourceBootstrapConfiguration - Located property source: [BootstrapPropertySource {name='bootstrapProperties-configClient'}, BootstrapPropertySource {name='bootstrapProperties-https://github.com/AldoSBou/BootcampConfigServerFiles/bt-ms-customers-dev.yml'}]
2025-02-22 19:25:01.357 [main] INFO  c.b.b.MsCustomersApplication - No active profile set, falling back to 1 default profile: "default"
2025-02-22 19:25:01.670 [main] INFO  o.s.d.r.c.RepositoryConfigurationDelegate - Bootstrapping Spring Data Reactive MongoDB repositories in DEFAULT mode.
2025-02-22 19:25:01.774 [main] INFO  o.s.d.r.c.RepositoryConfigurationDelegate - Finished Spring Data repository scanning in 99 ms. Found 2 Reactive MongoDB repository interfaces.
2025-02-22 19:25:01.916 [main] INFO  o.s.cloud.context.scope.GenericScope - BeanFactory id=72ef2494-619c-372b-b9c2-31ce237d2dbe
2025-02-22 19:25:02.692 [main] INFO  org.mongodb.driver.client - MongoClient with metadata {"driver": {"name": "mongo-java-driver|reactive-streams|spring-boot", "version": "5.2.1"}, "os": {"type": "Windows", "name": "Windows 10", "architecture": "amd64", "version": "10.0"}, "platform": "Java/Oracle Corporation/17.0.12+8-LTS-286"} created with settings MongoClientSettings{readPreference=primary, writeConcern=WriteConcern{w=null, wTimeout=null ms, journal=null}, retryWrites=true, retryReads=true, readConcern=ReadConcern{level=null}, credential=null, transportSettings=NettyTransportSettings{eventLoopGroup=io.netty.channel.nio.NioEventLoopGroup@5abbb273, socketChannelClass=null, allocator=null, sslContext=null}, commandListeners=[], codecRegistry=ProvidersCodecRegistry{codecProviders=[ValueCodecProvider{}, BsonValueCodecProvider{}, DBRefCodecProvider{}, DBObjectCodecProvider{}, DocumentCodecProvider{}, CollectionCodecProvider{}, IterableCodecProvider{}, MapCodecProvider{}, GeoJsonCodecProvider{}, GridFSFileCodecProvider{}, Jsr310CodecProvider{}, JsonObjectCodecProvider{}, BsonCodecProvider{}, EnumCodecProvider{}, com.mongodb.client.model.mql.ExpressionCodecProvider@25d9291a, com.mongodb.Jep395RecordCodecProvider@445058e8, com.mongodb.KotlinCodecProvider@5d5574c7]}, loggerSettings=LoggerSettings{maxDocumentLength=1000}, clusterSettings={hosts=[localhost:27017], srvServiceName=mongodb, mode=SINGLE, requiredClusterType=UNKNOWN, requiredReplicaSetName='null', serverSelector='null', clusterListeners='[]', serverSelectionTimeout='30000 ms', localThreshold='15 ms'}, socketSettings=SocketSettings{connectTimeoutMS=10000, readTimeoutMS=0, receiveBufferSize=0, proxySettings=ProxySettings{host=null, port=null, username=null, password=null}}, heartbeatSocketSettings=SocketSettings{connectTimeoutMS=10000, readTimeoutMS=10000, receiveBufferSize=0, proxySettings=ProxySettings{host=null, port=null, username=null, password=null}}, connectionPoolSettings=ConnectionPoolSettings{maxSize=100, minSize=0, maxWaitTimeMS=120000, maxConnectionLifeTimeMS=0, maxConnectionIdleTimeMS=0, maintenanceInitialDelayMS=0, maintenanceFrequencyMS=60000, connectionPoolListeners=[], maxConnecting=2}, serverSettings=ServerSettings{heartbeatFrequencyMS=10000, minHeartbeatFrequencyMS=500, serverMonitoringMode=AUTO, serverListeners='[]', serverMonitorListeners='[]'}, sslSettings=SslSettings{enabled=false, invalidHostNameAllowed=false, context=null}, applicationName='null', compressorList=[], uuidRepresentation=JAVA_LEGACY, serverApi=null, autoEncryptionSettings=null, dnsClient=null, inetAddressResolver=null, contextProvider=null, timeoutMS=null}
2025-02-22 19:25:02.802 [cluster-ClusterId{value='67ba6adeb7be327b1b165036', description='null'}-localhost:27017] INFO  org.mongodb.driver.cluster - Monitor thread successfully connected to server with description ServerDescription{address=localhost:27017, type=STANDALONE, cryptd=false, state=CONNECTED, ok=true, minWireVersion=0, maxWireVersion=25, maxDocumentSize=16777216, logicalSessionTimeoutMinutes=30, roundTripTimeNanos=36032900, minRoundTripTimeNanos=0}
2025-02-22 19:25:03.660 [main] INFO  o.s.c.n.e.c.DiscoveryClientOptionalArgsConfiguration - Eureka HTTP Client uses RestTemplate.
2025-02-22 19:25:03.698 [main] WARN  o.s.c.l.c.LoadBalancerCacheAutoConfiguration$LoadBalancerCaffeineWarnLogger - Spring Cloud LoadBalancer is currently working with the default cache. While this cache implementation is useful for development and tests, it's recommended to use Caffeine cache in production.You can switch to using Caffeine cache, by adding it and org.springframework.cache.caffeine.CaffeineCacheManager to the classpath.
2025-02-22 19:25:03.756 [main] INFO  o.s.c.n.eureka.InstanceInfoFactory - Setting initial instance status as: STARTING
2025-02-22 19:25:03.774 [main] INFO  c.netflix.discovery.DiscoveryClient - Initializing Eureka in region us-east-1
2025-02-22 19:25:03.777 [main] INFO  c.n.d.s.r.aws.ConfigClusterResolver - Resolving eureka endpoints via configuration
2025-02-22 19:25:03.784 [main] INFO  c.netflix.discovery.DiscoveryClient - Disable delta property : false
2025-02-22 19:25:03.784 [main] INFO  c.netflix.discovery.DiscoveryClient - Single vip registry refresh property : null
2025-02-22 19:25:03.784 [main] INFO  c.netflix.discovery.DiscoveryClient - Force full registry fetch : false
2025-02-22 19:25:03.784 [main] INFO  c.netflix.discovery.DiscoveryClient - Application is null : false
2025-02-22 19:25:03.784 [main] INFO  c.netflix.discovery.DiscoveryClient - Registered Applications size is zero : true
2025-02-22 19:25:03.784 [main] INFO  c.netflix.discovery.DiscoveryClient - Application version is -1: true
2025-02-22 19:25:03.784 [main] INFO  c.netflix.discovery.DiscoveryClient - Getting all instance registry info from the eureka server
2025-02-22 19:25:03.975 [main] INFO  c.netflix.discovery.DiscoveryClient - The response status is 200
2025-02-22 19:25:03.976 [main] INFO  c.netflix.discovery.DiscoveryClient - Starting heartbeat executor: renew interval is: 30
2025-02-22 19:25:03.977 [main] INFO  c.n.discovery.InstanceInfoReplicator - InstanceInfoReplicator onDemand update allowed rate per min is 4
2025-02-22 19:25:03.979 [main] INFO  c.netflix.discovery.DiscoveryClient - Discovery Client initialized at timestamp 1740270303978 with initial instances count: 1
2025-02-22 19:25:03.982 [main] INFO  o.s.c.n.e.s.EurekaServiceRegistry - Registering application BT-MS-CUSTOMERS with eureka with status UP
2025-02-22 19:25:03.983 [main] INFO  c.netflix.discovery.DiscoveryClient - Saw local status change event StatusChangeEvent [timestamp=1740270303983, current=UP, previous=STARTING]
2025-02-22 19:25:03.984 [DiscoveryClient-InstanceInfoReplicator-%d] INFO  c.netflix.discovery.DiscoveryClient - DiscoveryClient_BT-MS-CUSTOMERS/NTTD-1MYJR54.mshome.net:bt-ms-customers:8081: registering service...
2025-02-22 19:25:04.019 [DiscoveryClient-InstanceInfoReplicator-%d] INFO  c.netflix.discovery.DiscoveryClient - DiscoveryClient_BT-MS-CUSTOMERS/NTTD-1MYJR54.mshome.net:bt-ms-customers:8081 - registration status: 204
2025-02-22 19:25:04.104 [main] INFO  o.s.b.w.e.netty.NettyWebServer - Netty started on port 8081 (http)
2025-02-22 19:25:04.105 [main] INFO  o.s.c.n.e.s.EurekaAutoServiceRegistration - Updating port to 8081
2025-02-22 19:25:04.450 [main] INFO  c.b.b.MsCustomersApplication - Started MsCustomersApplication in 5.903 seconds (process running for 7.345)
2025-02-22 19:35:45.569 [AsyncResolver-bootstrap-executor-%d] INFO  c.n.d.s.r.aws.ConfigClusterResolver - Resolving eureka endpoints via configuration
2025-02-22 19:35:45.567 [DiscoveryClient-%d] WARN  c.n.discovery.TimedSupervisorTask - task supervisor timed out
java.util.concurrent.TimeoutException: null
	at java.base/java.util.concurrent.FutureTask.get(FutureTask.java:204)
	at com.netflix.discovery.TimedSupervisorTask.run(TimedSupervisorTask.java:65)
	at java.base/java.util.concurrent.Executors$RunnableAdapter.call(Executors.java:539)
	at java.base/java.util.concurrent.FutureTask.run$$$capture(FutureTask.java:264)
	at java.base/java.util.concurrent.FutureTask.run(FutureTask.java)
	at java.base/java.util.concurrent.ScheduledThreadPoolExecutor$ScheduledFutureTask.run(ScheduledThreadPoolExecutor.java:304)
	at java.base/java.util.concurrent.ThreadPoolExecutor.runWorker(ThreadPoolExecutor.java:1136)
	at java.base/java.util.concurrent.ThreadPoolExecutor$Worker.run(ThreadPoolExecutor.java:635)
	at java.base/java.lang.Thread.run(Thread.java:842)
2025-02-22 19:35:45.567 [DiscoveryClient-%d] WARN  c.n.discovery.TimedSupervisorTask - task supervisor timed out
java.util.concurrent.TimeoutException: null
	at java.base/java.util.concurrent.FutureTask.get(FutureTask.java:204)
	at com.netflix.discovery.TimedSupervisorTask.run(TimedSupervisorTask.java:65)
	at java.base/java.util.concurrent.Executors$RunnableAdapter.call(Executors.java:539)
	at java.base/java.util.concurrent.FutureTask.run$$$capture(FutureTask.java:264)
	at java.base/java.util.concurrent.FutureTask.run(FutureTask.java)
	at java.base/java.util.concurrent.ScheduledThreadPoolExecutor$ScheduledFutureTask.run(ScheduledThreadPoolExecutor.java:304)
	at java.base/java.util.concurrent.ThreadPoolExecutor.runWorker(ThreadPoolExecutor.java:1136)
	at java.base/java.util.concurrent.ThreadPoolExecutor$Worker.run(ThreadPoolExecutor.java:635)
	at java.base/java.lang.Thread.run(Thread.java:842)
2025-02-22 19:37:41.761 [DiscoveryClient-%d] WARN  c.n.discovery.TimedSupervisorTask - task supervisor timed out
java.util.concurrent.TimeoutException: null
	at java.base/java.util.concurrent.FutureTask.get(FutureTask.java:204)
	at com.netflix.discovery.TimedSupervisorTask.run(TimedSupervisorTask.java:65)
	at java.base/java.util.concurrent.Executors$RunnableAdapter.call(Executors.java:539)
	at java.base/java.util.concurrent.FutureTask.run$$$capture(FutureTask.java:264)
	at java.base/java.util.concurrent.FutureTask.run(FutureTask.java)
	at java.base/java.util.concurrent.ScheduledThreadPoolExecutor$ScheduledFutureTask.run(ScheduledThreadPoolExecutor.java:304)
	at java.base/java.util.concurrent.ThreadPoolExecutor.runWorker(ThreadPoolExecutor.java:1136)
	at java.base/java.util.concurrent.ThreadPoolExecutor$Worker.run(ThreadPoolExecutor.java:635)
	at java.base/java.lang.Thread.run(Thread.java:842)
2025-02-22 19:37:49.560 [DiscoveryClient-CacheRefreshExecutor-%d] INFO  c.n.d.s.t.d.RedirectingEurekaHttpClient - Request execution error. endpoint=DefaultEndpoint{ serviceUrl='http://localhost:8761/eureka/}, exception=null stacktrace=java.util.concurrent.CancellationException
	at org.apache.hc.core5.concurrent.BasicFuture.getResult(BasicFuture.java:87)
	at org.apache.hc.core5.concurrent.BasicFuture.get(BasicFuture.java:115)
	at org.apache.hc.core5.pool.StrictConnPool$1.get(StrictConnPool.java:183)
	at org.apache.hc.core5.pool.StrictConnPool$1.get(StrictConnPool.java:177)
	at org.apache.hc.client5.http.impl.io.PoolingHttpClientConnectionManager$3.get(PoolingHttpClientConnectionManager.java:344)
	at org.apache.hc.client5.http.impl.classic.InternalExecRuntime.acquireEndpoint(InternalExecRuntime.java:111)
	at org.apache.hc.client5.http.impl.classic.ConnectExec.execute(ConnectExec.java:127)
	at org.apache.hc.client5.http.impl.classic.ExecChainElement.execute(ExecChainElement.java:51)
	at org.apache.hc.client5.http.impl.classic.ProtocolExec.execute(ProtocolExec.java:192)
	at org.apache.hc.client5.http.impl.classic.ExecChainElement.execute(ExecChainElement.java:51)
	at org.apache.hc.client5.http.impl.classic.ContentCompressionExec.execute(ContentCompressionExec.java:150)
	at org.apache.hc.client5.http.impl.classic.ExecChainElement.execute(ExecChainElement.java:51)
	at org.apache.hc.client5.http.impl.classic.HttpRequestRetryExec.execute(HttpRequestRetryExec.java:113)
	at org.apache.hc.client5.http.impl.classic.ExecChainElement.execute(ExecChainElement.java:51)
	at org.apache.hc.client5.http.impl.classic.RedirectExec.execute(RedirectExec.java:110)
	at org.apache.hc.client5.http.impl.classic.ExecChainElement.execute(ExecChainElement.java:51)
	at org.apache.hc.client5.http.impl.classic.InternalHttpClient.doExecute(InternalHttpClient.java:174)
	at org.apache.hc.client5.http.impl.classic.CloseableHttpClient.execute(CloseableHttpClient.java:87)
	at org.apache.hc.client5.http.impl.classic.CloseableHttpClient.execute(CloseableHttpClient.java:55)
	at org.apache.hc.client5.http.classic.HttpClient.executeOpen(HttpClient.java:183)
	at org.springframework.http.client.HttpComponentsClientHttpRequest.executeInternal(HttpComponentsClientHttpRequest.java:99)
	at org.springframework.http.client.AbstractStreamingClientHttpRequest.executeInternal(AbstractStreamingClientHttpRequest.java:71)
	at org.springframework.http.client.AbstractClientHttpRequest.execute(AbstractClientHttpRequest.java:81)
	at org.springframework.http.client.InterceptingClientHttpRequest$InterceptingRequestExecution.execute(InterceptingClientHttpRequest.java:117)
	at org.springframework.cloud.netflix.eureka.http.RestTemplateTransportClientFactory.lambda$restTemplate$3(RestTemplateTransportClientFactory.java:141)
	at org.springframework.http.client.InterceptingClientHttpRequest$InterceptingRequestExecution.execute(InterceptingClientHttpRequest.java:88)
	at org.springframework.http.client.InterceptingClientHttpRequest.executeInternal(InterceptingClientHttpRequest.java:72)
	at org.springframework.http.client.AbstractBufferingClientHttpRequest.executeInternal(AbstractBufferingClientHttpRequest.java:48)
	at org.springframework.http.client.AbstractClientHttpRequest.execute(AbstractClientHttpRequest.java:81)
	at org.springframework.web.client.RestTemplate.doExecute(RestTemplate.java:900)
	at org.springframework.web.client.RestTemplate.execute(RestTemplate.java:841)
	at org.springframework.web.client.RestTemplate.exchange(RestTemplate.java:702)
	at org.springframework.cloud.netflix.eureka.http.RestTemplateEurekaHttpClient.getApplicationsInternal(RestTemplateEurekaHttpClient.java:174)
	at org.springframework.cloud.netflix.eureka.http.RestTemplateEurekaHttpClient.getDelta(RestTemplateEurekaHttpClient.java:186)
	at com.netflix.discovery.shared.transport.decorator.EurekaHttpClientDecorator$7.execute(EurekaHttpClientDecorator.java:152)
	at com.netflix.discovery.shared.transport.decorator.RedirectingEurekaHttpClient.executeOnNewServer(RedirectingEurekaHttpClient.java:121)
	at com.netflix.discovery.shared.transport.decorator.RedirectingEurekaHttpClient.execute(RedirectingEurekaHttpClient.java:80)
	at com.netflix.discovery.shared.transport.decorator.EurekaHttpClientDecorator.getDelta(EurekaHttpClientDecorator.java:149)
	at com.netflix.discovery.shared.transport.decorator.EurekaHttpClientDecorator$7.execute(EurekaHttpClientDecorator.java:152)
	at com.netflix.discovery.shared.transport.decorator.RetryableEurekaHttpClient.execute(RetryableEurekaHttpClient.java:120)
	at com.netflix.discovery.shared.transport.decorator.EurekaHttpClientDecorator.getDelta(EurekaHttpClientDecorator.java:149)
	at com.netflix.discovery.shared.transport.decorator.EurekaHttpClientDecorator$7.execute(EurekaHttpClientDecorator.java:152)
	at com.netflix.discovery.shared.transport.decorator.SessionedEurekaHttpClient.execute(SessionedEurekaHttpClient.java:76)
	at com.netflix.discovery.shared.transport.decorator.EurekaHttpClientDecorator.getDelta(EurekaHttpClientDecorator.java:149)
	at com.netflix.discovery.DiscoveryClient.getAndUpdateDelta(DiscoveryClient.java:1080)
	at com.netflix.discovery.DiscoveryClient.fetchRegistry(DiscoveryClient.java:963)
	at com.netflix.discovery.DiscoveryClient.refreshRegistry(DiscoveryClient.java:1473)
	at com.netflix.discovery.DiscoveryClient$CacheRefreshThread.run(DiscoveryClient.java:1441)
	at java.base/java.util.concurrent.Executors$RunnableAdapter.call(Executors.java:539)
	at java.base/java.util.concurrent.FutureTask.run$$$capture(FutureTask.java:264)
	at java.base/java.util.concurrent.FutureTask.run(FutureTask.java)
	at --- Async.Stack.Trace --- (captured by IntelliJ IDEA debugger)
	at java.base/java.util.concurrent.FutureTask.<init>(FutureTask.java:151)
	at java.base/java.util.concurrent.AbstractExecutorService.newTaskFor(AbstractExecutorService.java:98)
	at java.base/java.util.concurrent.AbstractExecutorService.submit(AbstractExecutorService.java:122)
	at com.netflix.discovery.TimedSupervisorTask.run(TimedSupervisorTask.java:63)
	at java.base/java.util.concurrent.Executors$RunnableAdapter.call(Executors.java:539)
	at java.base/java.util.concurrent.FutureTask.run$$$capture(FutureTask.java:264)
	at java.base/java.util.concurrent.FutureTask.run(FutureTask.java)
	at --- Async.Stack.Trace --- (captured by IntelliJ IDEA debugger)
	at java.base/java.util.concurrent.FutureTask.<init>(FutureTask.java:151)
	at java.base/java.util.concurrent.ScheduledThreadPoolExecutor$ScheduledFutureTask.<init>(ScheduledThreadPoolExecutor.java:215)
	at java.base/java.util.concurrent.ScheduledThreadPoolExecutor.schedule(ScheduledThreadPoolExecutor.java:561)
	at com.netflix.discovery.TimedSupervisorTask.run(TimedSupervisorTask.java:99)
	at java.base/java.util.concurrent.Executors$RunnableAdapter.call(Executors.java:539)
	at java.base/java.util.concurrent.FutureTask.run$$$capture(FutureTask.java:264)
	at java.base/java.util.concurrent.FutureTask.run(FutureTask.java)
	at --- Async.Stack.Trace --- (captured by IntelliJ IDEA debugger)
	at java.base/java.util.concurrent.FutureTask.<init>(FutureTask.java:151)
	at java.base/java.util.concurrent.ScheduledThreadPoolExecutor$ScheduledFutureTask.<init>(ScheduledThreadPoolExecutor.java:215)
	at java.base/java.util.concurrent.ScheduledThreadPoolExecutor.schedule(ScheduledThreadPoolExecutor.java:561)
	at com.netflix.discovery.TimedSupervisorTask.run(TimedSupervisorTask.java:99)
	at java.base/java.util.concurrent.Executors$RunnableAdapter.call(Executors.java:539)
	at java.base/java.util.concurrent.FutureTask.run$$$capture(FutureTask.java:264)
	at java.base/java.util.concurrent.FutureTask.run(FutureTask.java)
	at --- Async.Stack.Trace --- (captured by IntelliJ IDEA debugger)
	at java.base/java.util.concurrent.FutureTask.<init>(FutureTask.java:151)
	at java.base/java.util.concurrent.ScheduledThreadPoolExecutor$ScheduledFutureTask.<init>(ScheduledThreadPoolExecutor.java:215)
	at java.base/java.util.concurrent.ScheduledThreadPoolExecutor.schedule(ScheduledThreadPoolExecutor.java:561)
	at com.netflix.discovery.TimedSupervisorTask.run(TimedSupervisorTask.java:99)
	at java.base/java.util.concurrent.Executors$RunnableAdapter.call(Executors.java:539)
	at java.base/java.util.concurrent.FutureTask.run$$$capture(FutureTask.java:264)
	at java.base/java.util.concurrent.FutureTask.run(FutureTask.java)
	at --- Async.Stack.Trace --- (captured by IntelliJ IDEA debugger)
	at java.base/java.util.concurrent.FutureTask.<init>(FutureTask.java:151)
	at java.base/java.util.concurrent.ScheduledThreadPoolExecutor$ScheduledFutureTask.<init>(ScheduledThreadPoolExecutor.java:215)
	at java.base/java.util.concurrent.ScheduledThreadPoolExecutor.schedule(ScheduledThreadPoolExecutor.java:561)
	at com.netflix.discovery.TimedSupervisorTask.run(TimedSupervisorTask.java:99)
	at java.base/java.util.concurrent.Executors$RunnableAdapter.call(Executors.java:539)
	at java.base/java.util.concurrent.FutureTask.run$$$capture(FutureTask.java:264)
	at java.base/java.util.concurrent.FutureTask.run(FutureTask.java)
	at --- Async.Stack.Trace --- (captured by IntelliJ IDEA debugger)
	at java.base/java.util.concurrent.FutureTask.<init>(FutureTask.java:151)
	at java.base/java.util.concurrent.ScheduledThreadPoolExecutor$ScheduledFutureTask.<init>(ScheduledThreadPoolExecutor.java:215)
	at java.base/java.util.concurrent.ScheduledThreadPoolExecutor.schedule(ScheduledThreadPoolExecutor.java:561)
	at com.netflix.discovery.TimedSupervisorTask.run(TimedSupervisorTask.java:99)
	at java.base/java.util.concurrent.Executors$RunnableAdapter.call(Executors.java:539)
	at java.base/java.util.concurrent.FutureTask.run$$$capture(FutureTask.java:264)
	at java.base/java.util.concurrent.FutureTask.run(FutureTask.java)
	at --- Async.Stack.Trace --- (captured by IntelliJ IDEA debugger)
	at java.base/java.util.concurrent.FutureTask.<init>(FutureTask.java:151)
	at java.base/java.util.concurrent.ScheduledThreadPoolExecutor$ScheduledFutureTask.<init>(ScheduledThreadPoolExecutor.java:215)
	at java.base/java.util.concurrent.ScheduledThreadPoolExecutor.schedule(ScheduledThreadPoolExecutor.java:561)
	at com.netflix.discovery.TimedSupervisorTask.run(TimedSupervisorTask.java:99)
	at java.base/java.util.concurrent.Executors$RunnableAdapter.call(Executors.java:539)
	at java.base/java.util.concurrent.FutureTask.run$$$capture(FutureTask.java:264)
	at java.base/java.util.concurrent.FutureTask.run(FutureTask.java)
	at --- Async.Stack.Trace --- (captured by IntelliJ IDEA debugger)
	at java.base/java.util.concurrent.FutureTask.<init>(FutureTask.java:151)
	at java.base/java.util.concurrent.ScheduledThreadPoolExecutor$ScheduledFutureTask.<init>(ScheduledThreadPoolExecutor.java:215)
	at java.base/java.util.concurrent.ScheduledThreadPoolExecutor.schedule(ScheduledThreadPoolExecutor.java:561)
	at com.netflix.discovery.TimedSupervisorTask.run(TimedSupervisorTask.java:99)
	at java.base/java.util.concurrent.Executors$RunnableAdapter.call(Executors.java:539)
	at java.base/java.util.concurrent.FutureTask.run$$$capture(FutureTask.java:264)
	at java.base/java.util.concurrent.FutureTask.run(FutureTask.java)
	at --- Async.Stack.Trace --- (captured by IntelliJ IDEA debugger)
	at java.base/java.util.concurrent.FutureTask.<init>(FutureTask.java:151)
	at java.base/java.util.concurrent.ScheduledThreadPoolExecutor$ScheduledFutureTask.<init>(ScheduledThreadPoolExecutor.java:215)
	at java.base/java.util.concurrent.ScheduledThreadPoolExecutor.schedule(ScheduledThreadPoolExecutor.java:561)
	at com.netflix.discovery.DiscoveryClient.initScheduledTasks(DiscoveryClient.java:1258)
	at com.netflix.discovery.DiscoveryClient.<init>(DiscoveryClient.java:445)
	at com.netflix.discovery.DiscoveryClient.<init>(DiscoveryClient.java:245)
	at com.netflix.discovery.DiscoveryClient.<init>(DiscoveryClient.java:240)
	at org.springframework.cloud.netflix.eureka.CloudEurekaClient.<init>(CloudEurekaClient.java:68)
	at org.springframework.cloud.netflix.eureka.EurekaClientAutoConfiguration$RefreshableEurekaClientConfiguration.eurekaClient(EurekaClientAutoConfiguration.java:324)
	at java.base/jdk.internal.reflect.NativeMethodAccessorImpl.invoke0(Native Method)
	at java.base/jdk.internal.reflect.NativeMethodAccessorImpl.invoke(NativeMethodAccessorImpl.java:77)
	at java.base/jdk.internal.reflect.DelegatingMethodAccessorImpl.invoke(DelegatingMethodAccessorImpl.java:43)
	at java.base/java.lang.reflect.Method.invoke(Method.java:568)
	at org.springframework.beans.factory.support.SimpleInstantiationStrategy.lambda$instantiate$0(SimpleInstantiationStrategy.java:171)
	at org.springframework.beans.factory.support.SimpleInstantiationStrategy.instantiateWithFactoryMethod(SimpleInstantiationStrategy.java:88)
	at org.springframework.beans.factory.support.SimpleInstantiationStrategy.instantiate(SimpleInstantiationStrategy.java:168)
	at org.springframework.beans.factory.support.ConstructorResolver.instantiate(ConstructorResolver.java:653)
	at org.springframework.beans.factory.support.ConstructorResolver.instantiateUsingFactoryMethod(ConstructorResolver.java:645)
	at org.springframework.beans.factory.support.AbstractAutowireCapableBeanFactory.instantiateUsingFactoryMethod(AbstractAutowireCapableBeanFactory.java:1361)
	at org.springframework.beans.factory.support.AbstractAutowireCapableBeanFactory.createBeanInstance(AbstractAutowireCapableBeanFactory.java:1191)
	at org.springframework.beans.factory.support.AbstractAutowireCapableBeanFactory.doCreateBean(AbstractAutowireCapableBeanFactory.java:563)
	at org.springframework.beans.factory.support.AbstractAutowireCapableBeanFactory.createBean(AbstractAutowireCapableBeanFactory.java:523)
	at org.springframework.beans.factory.support.AbstractBeanFactory.lambda$doGetBean$1(AbstractBeanFactory.java:375)
	at org.springframework.cloud.context.scope.GenericScope$BeanLifecycleWrapper.getBean(GenericScope.java:375)
	at org.springframework.cloud.context.scope.GenericScope.get(GenericScope.java:179)
	at org.springframework.beans.factory.support.AbstractBeanFactory.doGetBean(AbstractBeanFactory.java:372)
	at org.springframework.beans.factory.support.AbstractBeanFactory.getBean(AbstractBeanFactory.java:199)
	at org.springframework.aop.target.SimpleBeanTargetSource.getTarget(SimpleBeanTargetSource.java:35)
	at org.springframework.cloud.netflix.eureka.serviceregistry.EurekaRegistration.getTargetObject(EurekaRegistration.java:128)
	at org.springframework.cloud.netflix.eureka.serviceregistry.EurekaRegistration.getEurekaClient(EurekaRegistration.java:116)
	at java.base/jdk.internal.reflect.NativeMethodAccessorImpl.invoke0(Native Method)
	at java.base/jdk.internal.reflect.NativeMethodAccessorImpl.invoke(NativeMethodAccessorImpl.java:77)
	at java.base/jdk.internal.reflect.DelegatingMethodAccessorImpl.invoke(DelegatingMethodAccessorImpl.java:43)
	at java.base/java.lang.reflect.Method.invoke(Method.java:568)
	at org.springframework.util.ReflectionUtils.invokeMethod(ReflectionUtils.java:281)
	at org.springframework.cloud.context.scope.GenericScope$LockedScopedProxyFactoryBean.invoke(GenericScope.java:482)
	at org.springframework.aop.framework.ReflectiveMethodInvocation.proceed(ReflectiveMethodInvocation.java:184)
	at org.springframework.aop.framework.CglibAopProxy$DynamicAdvisedInterceptor.intercept(CglibAopProxy.java:727)
	at org.springframework.cloud.netflix.eureka.serviceregistry.EurekaRegistration$$SpringCGLIB$$0.getEurekaClient(<generated>)
	at org.springframework.cloud.netflix.eureka.serviceregistry.EurekaServiceRegistry.maybeInitializeClient(EurekaServiceRegistry.java:83)
	at org.springframework.cloud.netflix.eureka.serviceregistry.EurekaServiceRegistry.register(EurekaServiceRegistry.java:66)
	at org.springframework.cloud.netflix.eureka.serviceregistry.EurekaAutoServiceRegistration.start(EurekaAutoServiceRegistration.java:89)
	at org.springframework.context.support.DefaultLifecycleProcessor.doStart(DefaultLifecycleProcessor.java:323)
	at org.springframework.context.support.DefaultLifecycleProcessor$LifecycleGroup.start(DefaultLifecycleProcessor.java:510)
	at java.base/java.lang.Iterable.forEach(Iterable.java:75)
	at org.springframework.context.support.DefaultLifecycleProcessor.startBeans(DefaultLifecycleProcessor.java:295)
	at org.springframework.context.support.DefaultLifecycleProcessor.onRefresh(DefaultLifecycleProcessor.java:240)
	at org.springframework.context.support.AbstractApplicationContext.finishRefresh(AbstractApplicationContext.java:1006)
	at org.springframework.context.support.AbstractApplicationContext.refresh(AbstractApplicationContext.java:630)
	at org.springframework.boot.web.reactive.context.ReactiveWebServerApplicationContext.refresh(ReactiveWebServerApplicationContext.java:66)
	at org.springframework.boot.SpringApplication.refresh(SpringApplication.java:752)
	at org.springframework.boot.SpringApplication.refreshContext(SpringApplication.java:439)
	at org.springframework.boot.SpringApplication.run(SpringApplication.java:318)
	at org.springframework.boot.SpringApplication.run(SpringApplication.java:1361)
	at org.springframework.boot.SpringApplication.run(SpringApplication.java:1350)
	at com.bootcamp.btmscustomers.MsCustomersApplication.main(MsCustomersApplication.java:10)

2025-02-22 19:37:49.564 [DiscoveryClient-CacheRefreshExecutor-%d] WARN  c.n.d.s.t.d.RetryableEurekaHttpClient - Request execution failed with message: null
2025-02-22 19:37:50.562 [DiscoveryClient-CacheRefreshExecutor-%d] INFO  c.netflix.discovery.DiscoveryClient - DiscoveryClient_BT-MS-CUSTOMERS/NTTD-1MYJR54.mshome.net:bt-ms-customers:8081 - was unable to refresh its cache! This periodic background refresh will be retried in 30 seconds. status = Cannot execute request on any known server stacktrace = com.netflix.discovery.shared.transport.TransportException: Cannot execute request on any known server
	at com.netflix.discovery.shared.transport.decorator.RetryableEurekaHttpClient.execute(RetryableEurekaHttpClient.java:112)
	at com.netflix.discovery.shared.transport.decorator.EurekaHttpClientDecorator.getDelta(EurekaHttpClientDecorator.java:149)
	at com.netflix.discovery.shared.transport.decorator.EurekaHttpClientDecorator$7.execute(EurekaHttpClientDecorator.java:152)
	at com.netflix.discovery.shared.transport.decorator.SessionedEurekaHttpClient.execute(SessionedEurekaHttpClient.java:76)
	at com.netflix.discovery.shared.transport.decorator.EurekaHttpClientDecorator.getDelta(EurekaHttpClientDecorator.java:149)
	at com.netflix.discovery.DiscoveryClient.getAndUpdateDelta(DiscoveryClient.java:1080)
	at com.netflix.discovery.DiscoveryClient.fetchRegistry(DiscoveryClient.java:963)
	at com.netflix.discovery.DiscoveryClient.refreshRegistry(DiscoveryClient.java:1473)
	at com.netflix.discovery.DiscoveryClient$CacheRefreshThread.run(DiscoveryClient.java:1441)
	at java.base/java.util.concurrent.Executors$RunnableAdapter.call(Executors.java:539)
	at java.base/java.util.concurrent.FutureTask.run$$$capture(FutureTask.java:264)
	at java.base/java.util.concurrent.FutureTask.run(FutureTask.java)
	at --- Async.Stack.Trace --- (captured by IntelliJ IDEA debugger)
	at java.base/java.util.concurrent.FutureTask.<init>(FutureTask.java:151)
	at java.base/java.util.concurrent.AbstractExecutorService.newTaskFor(AbstractExecutorService.java:98)
	at java.base/java.util.concurrent.AbstractExecutorService.submit(AbstractExecutorService.java:122)
	at com.netflix.discovery.TimedSupervisorTask.run(TimedSupervisorTask.java:63)
	at java.base/java.util.concurrent.Executors$RunnableAdapter.call(Executors.java:539)
	at java.base/java.util.concurrent.FutureTask.run$$$capture(FutureTask.java:264)
	at java.base/java.util.concurrent.FutureTask.run(FutureTask.java)
	at --- Async.Stack.Trace --- (captured by IntelliJ IDEA debugger)
	at java.base/java.util.concurrent.FutureTask.<init>(FutureTask.java:151)
	at java.base/java.util.concurrent.ScheduledThreadPoolExecutor$ScheduledFutureTask.<init>(ScheduledThreadPoolExecutor.java:215)
	at java.base/java.util.concurrent.ScheduledThreadPoolExecutor.schedule(ScheduledThreadPoolExecutor.java:561)
	at com.netflix.discovery.TimedSupervisorTask.run(TimedSupervisorTask.java:99)
	at java.base/java.util.concurrent.Executors$RunnableAdapter.call(Executors.java:539)
	at java.base/java.util.concurrent.FutureTask.run$$$capture(FutureTask.java:264)
	at java.base/java.util.concurrent.FutureTask.run(FutureTask.java)
	at --- Async.Stack.Trace --- (captured by IntelliJ IDEA debugger)
	at java.base/java.util.concurrent.FutureTask.<init>(FutureTask.java:151)
	at java.base/java.util.concurrent.ScheduledThreadPoolExecutor$ScheduledFutureTask.<init>(ScheduledThreadPoolExecutor.java:215)
	at java.base/java.util.concurrent.ScheduledThreadPoolExecutor.schedule(ScheduledThreadPoolExecutor.java:561)
	at com.netflix.discovery.TimedSupervisorTask.run(TimedSupervisorTask.java:99)
	at java.base/java.util.concurrent.Executors$RunnableAdapter.call(Executors.java:539)
	at java.base/java.util.concurrent.FutureTask.run$$$capture(FutureTask.java:264)
	at java.base/java.util.concurrent.FutureTask.run(FutureTask.java)
	at --- Async.Stack.Trace --- (captured by IntelliJ IDEA debugger)
	at java.base/java.util.concurrent.FutureTask.<init>(FutureTask.java:151)
	at java.base/java.util.concurrent.ScheduledThreadPoolExecutor$ScheduledFutureTask.<init>(ScheduledThreadPoolExecutor.java:215)
	at java.base/java.util.concurrent.ScheduledThreadPoolExecutor.schedule(ScheduledThreadPoolExecutor.java:561)
	at com.netflix.discovery.TimedSupervisorTask.run(TimedSupervisorTask.java:99)
	at java.base/java.util.concurrent.Executors$RunnableAdapter.call(Executors.java:539)
	at java.base/java.util.concurrent.FutureTask.run$$$capture(FutureTask.java:264)
	at java.base/java.util.concurrent.FutureTask.run(FutureTask.java)
	at --- Async.Stack.Trace --- (captured by IntelliJ IDEA debugger)
	at java.base/java.util.concurrent.FutureTask.<init>(FutureTask.java:151)
	at java.base/java.util.concurrent.ScheduledThreadPoolExecutor$ScheduledFutureTask.<init>(ScheduledThreadPoolExecutor.java:215)
	at java.base/java.util.concurrent.ScheduledThreadPoolExecutor.schedule(ScheduledThreadPoolExecutor.java:561)
	at com.netflix.discovery.TimedSupervisorTask.run(TimedSupervisorTask.java:99)
	at java.base/java.util.concurrent.Executors$RunnableAdapter.call(Executors.java:539)
	at java.base/java.util.concurrent.FutureTask.run$$$capture(FutureTask.java:264)
	at java.base/java.util.concurrent.FutureTask.run(FutureTask.java)
	at --- Async.Stack.Trace --- (captured by IntelliJ IDEA debugger)
	at java.base/java.util.concurrent.FutureTask.<init>(FutureTask.java:151)
	at java.base/java.util.concurrent.ScheduledThreadPoolExecutor$ScheduledFutureTask.<init>(ScheduledThreadPoolExecutor.java:215)
	at java.base/java.util.concurrent.ScheduledThreadPoolExecutor.schedule(ScheduledThreadPoolExecutor.java:561)
	at com.netflix.discovery.TimedSupervisorTask.run(TimedSupervisorTask.java:99)
	at java.base/java.util.concurrent.Executors$RunnableAdapter.call(Executors.java:539)
	at java.base/java.util.concurrent.FutureTask.run$$$capture(FutureTask.java:264)
	at java.base/java.util.concurrent.FutureTask.run(FutureTask.java)
	at --- Async.Stack.Trace --- (captured by IntelliJ IDEA debugger)
	at java.base/java.util.concurrent.FutureTask.<init>(FutureTask.java:151)
	at java.base/java.util.concurrent.ScheduledThreadPoolExecutor$ScheduledFutureTask.<init>(ScheduledThreadPoolExecutor.java:215)
	at java.base/java.util.concurrent.ScheduledThreadPoolExecutor.schedule(ScheduledThreadPoolExecutor.java:561)
	at com.netflix.discovery.TimedSupervisorTask.run(TimedSupervisorTask.java:99)
	at java.base/java.util.concurrent.Executors$RunnableAdapter.call(Executors.java:539)
	at java.base/java.util.concurrent.FutureTask.run$$$capture(FutureTask.java:264)
	at java.base/java.util.concurrent.FutureTask.run(FutureTask.java)
	at --- Async.Stack.Trace --- (captured by IntelliJ IDEA debugger)
	at java.base/java.util.concurrent.FutureTask.<init>(FutureTask.java:151)
	at java.base/java.util.concurrent.ScheduledThreadPoolExecutor$ScheduledFutureTask.<init>(ScheduledThreadPoolExecutor.java:215)
	at java.base/java.util.concurrent.ScheduledThreadPoolExecutor.schedule(ScheduledThreadPoolExecutor.java:561)
	at com.netflix.discovery.TimedSupervisorTask.run(TimedSupervisorTask.java:99)
	at java.base/java.util.concurrent.Executors$RunnableAdapter.call(Executors.java:539)
	at java.base/java.util.concurrent.FutureTask.run$$$capture(FutureTask.java:264)
	at java.base/java.util.concurrent.FutureTask.run(FutureTask.java)
	at --- Async.Stack.Trace --- (captured by IntelliJ IDEA debugger)
	at java.base/java.util.concurrent.FutureTask.<init>(FutureTask.java:151)
	at java.base/java.util.concurrent.ScheduledThreadPoolExecutor$ScheduledFutureTask.<init>(ScheduledThreadPoolExecutor.java:215)
	at java.base/java.util.concurrent.ScheduledThreadPoolExecutor.schedule(ScheduledThreadPoolExecutor.java:561)
	at com.netflix.discovery.DiscoveryClient.initScheduledTasks(DiscoveryClient.java:1258)
	at com.netflix.discovery.DiscoveryClient.<init>(DiscoveryClient.java:445)
	at com.netflix.discovery.DiscoveryClient.<init>(DiscoveryClient.java:245)
	at com.netflix.discovery.DiscoveryClient.<init>(DiscoveryClient.java:240)
	at org.springframework.cloud.netflix.eureka.CloudEurekaClient.<init>(CloudEurekaClient.java:68)
	at org.springframework.cloud.netflix.eureka.EurekaClientAutoConfiguration$RefreshableEurekaClientConfiguration.eurekaClient(EurekaClientAutoConfiguration.java:324)
	at java.base/jdk.internal.reflect.NativeMethodAccessorImpl.invoke0(Native Method)
	at java.base/jdk.internal.reflect.NativeMethodAccessorImpl.invoke(NativeMethodAccessorImpl.java:77)
	at java.base/jdk.internal.reflect.DelegatingMethodAccessorImpl.invoke(DelegatingMethodAccessorImpl.java:43)
	at java.base/java.lang.reflect.Method.invoke(Method.java:568)
	at org.springframework.beans.factory.support.SimpleInstantiationStrategy.lambda$instantiate$0(SimpleInstantiationStrategy.java:171)
	at org.springframework.beans.factory.support.SimpleInstantiationStrategy.instantiateWithFactoryMethod(SimpleInstantiationStrategy.java:88)
	at org.springframework.beans.factory.support.SimpleInstantiationStrategy.instantiate(SimpleInstantiationStrategy.java:168)
	at org.springframework.beans.factory.support.ConstructorResolver.instantiate(ConstructorResolver.java:653)
	at org.springframework.beans.factory.support.ConstructorResolver.instantiateUsingFactoryMethod(ConstructorResolver.java:645)
	at org.springframework.beans.factory.support.AbstractAutowireCapableBeanFactory.instantiateUsingFactoryMethod(AbstractAutowireCapableBeanFactory.java:1361)
	at org.springframework.beans.factory.support.AbstractAutowireCapableBeanFactory.createBeanInstance(AbstractAutowireCapableBeanFactory.java:1191)
	at org.springframework.beans.factory.support.AbstractAutowireCapableBeanFactory.doCreateBean(AbstractAutowireCapableBeanFactory.java:563)
	at org.springframework.beans.factory.support.AbstractAutowireCapableBeanFactory.createBean(AbstractAutowireCapableBeanFactory.java:523)
	at org.springframework.beans.factory.support.AbstractBeanFactory.lambda$doGetBean$1(AbstractBeanFactory.java:375)
	at org.springframework.cloud.context.scope.GenericScope$BeanLifecycleWrapper.getBean(GenericScope.java:375)
	at org.springframework.cloud.context.scope.GenericScope.get(GenericScope.java:179)
	at org.springframework.beans.factory.support.AbstractBeanFactory.doGetBean(AbstractBeanFactory.java:372)
	at org.springframework.beans.factory.support.AbstractBeanFactory.getBean(AbstractBeanFactory.java:199)
	at org.springframework.aop.target.SimpleBeanTargetSource.getTarget(SimpleBeanTargetSource.java:35)
	at org.springframework.cloud.netflix.eureka.serviceregistry.EurekaRegistration.getTargetObject(EurekaRegistration.java:128)
	at org.springframework.cloud.netflix.eureka.serviceregistry.EurekaRegistration.getEurekaClient(EurekaRegistration.java:116)
	at java.base/jdk.internal.reflect.NativeMethodAccessorImpl.invoke0(Native Method)
	at java.base/jdk.internal.reflect.NativeMethodAccessorImpl.invoke(NativeMethodAccessorImpl.java:77)
	at java.base/jdk.internal.reflect.DelegatingMethodAccessorImpl.invoke(DelegatingMethodAccessorImpl.java:43)
	at java.base/java.lang.reflect.Method.invoke(Method.java:568)
	at org.springframework.util.ReflectionUtils.invokeMethod(ReflectionUtils.java:281)
	at org.springframework.cloud.context.scope.GenericScope$LockedScopedProxyFactoryBean.invoke(GenericScope.java:482)
	at org.springframework.aop.framework.ReflectiveMethodInvocation.proceed(ReflectiveMethodInvocation.java:184)
	at org.springframework.aop.framework.CglibAopProxy$DynamicAdvisedInterceptor.intercept(CglibAopProxy.java:727)
	at org.springframework.cloud.netflix.eureka.serviceregistry.EurekaRegistration$$SpringCGLIB$$0.getEurekaClient(<generated>)
	at org.springframework.cloud.netflix.eureka.serviceregistry.EurekaServiceRegistry.maybeInitializeClient(EurekaServiceRegistry.java:83)
	at org.springframework.cloud.netflix.eureka.serviceregistry.EurekaServiceRegistry.register(EurekaServiceRegistry.java:66)
	at org.springframework.cloud.netflix.eureka.serviceregistry.EurekaAutoServiceRegistration.start(EurekaAutoServiceRegistration.java:89)
	at org.springframework.context.support.DefaultLifecycleProcessor.doStart(DefaultLifecycleProcessor.java:323)
	at org.springframework.context.support.DefaultLifecycleProcessor$LifecycleGroup.start(DefaultLifecycleProcessor.java:510)
	at java.base/java.lang.Iterable.forEach(Iterable.java:75)
	at org.springframework.context.support.DefaultLifecycleProcessor.startBeans(DefaultLifecycleProcessor.java:295)
	at org.springframework.context.support.DefaultLifecycleProcessor.onRefresh(DefaultLifecycleProcessor.java:240)
	at org.springframework.context.support.AbstractApplicationContext.finishRefresh(AbstractApplicationContext.java:1006)
	at org.springframework.context.support.AbstractApplicationContext.refresh(AbstractApplicationContext.java:630)
	at org.springframework.boot.web.reactive.context.ReactiveWebServerApplicationContext.refresh(ReactiveWebServerApplicationContext.java:66)
	at org.springframework.boot.SpringApplication.refresh(SpringApplication.java:752)
	at org.springframework.boot.SpringApplication.refreshContext(SpringApplication.java:439)
	at org.springframework.boot.SpringApplication.run(SpringApplication.java:318)
	at org.springframework.boot.SpringApplication.run(SpringApplication.java:1361)
	at org.springframework.boot.SpringApplication.run(SpringApplication.java:1350)
	at com.bootcamp.btmscustomers.MsCustomersApplication.main(MsCustomersApplication.java:10)

2025-02-22 19:40:45.571 [AsyncResolver-bootstrap-executor-%d] INFO  c.n.d.s.r.aws.ConfigClusterResolver - Resolving eureka endpoints via configuration
2025-02-22 19:43:45.422 [SpringApplicationShutdownHook] INFO  o.s.c.n.e.s.EurekaServiceRegistry - Unregistering application BT-MS-CUSTOMERS with eureka with status DOWN
2025-02-22 19:43:45.422 [SpringApplicationShutdownHook] INFO  c.netflix.discovery.DiscoveryClient - Saw local status change event StatusChangeEvent [timestamp=1740271425422, current=DOWN, previous=UP]
2025-02-22 19:43:45.422 [DiscoveryClient-InstanceInfoReplicator-%d] INFO  c.netflix.discovery.DiscoveryClient - DiscoveryClient_BT-MS-CUSTOMERS/NTTD-1MYJR54.mshome.net:bt-ms-customers:8081: registering service...
2025-02-22 19:43:45.424 [SpringApplicationShutdownHook] INFO  o.s.b.w.e.netty.GracefulShutdown - Commencing graceful shutdown. Waiting for active requests to complete
2025-02-22 19:43:45.427 [netty-shutdown] INFO  o.s.b.w.e.netty.GracefulShutdown - Graceful shutdown complete
2025-02-22 19:43:45.442 [DiscoveryClient-InstanceInfoReplicator-%d] INFO  c.netflix.discovery.DiscoveryClient - DiscoveryClient_BT-MS-CUSTOMERS/NTTD-1MYJR54.mshome.net:bt-ms-customers:8081 - registration status: 204
2025-02-22 19:43:49.612 [SpringApplicationShutdownHook] INFO  c.netflix.discovery.DiscoveryClient - Shutting down DiscoveryClient ...
2025-02-22 19:43:55.510 [background-preinit] INFO  o.h.validator.internal.util.Version - HV000001: Hibernate Validator 8.0.2.Final
2025-02-22 19:43:56.047 [main] INFO  o.s.c.c.c.ConfigServicePropertySourceLocator - Fetching config from server at : http://localhost:9001
2025-02-22 19:43:57.860 [main] INFO  o.s.c.c.c.ConfigServicePropertySourceLocator - Located environment: name=bt-ms-customers, profiles=[dev], label=null, version=e374c450d24cd57145ec56f3d3a5646d3ff91137, state=
2025-02-22 19:43:57.861 [main] INFO  o.s.c.b.c.PropertySourceBootstrapConfiguration - Located property source: [BootstrapPropertySource {name='bootstrapProperties-configClient'}, BootstrapPropertySource {name='bootstrapProperties-https://github.com/AldoSBou/BootcampConfigServerFiles/bt-ms-customers-dev.yml'}]
2025-02-22 19:43:57.868 [main] INFO  c.b.b.MsCustomersApplication - No active profile set, falling back to 1 default profile: "default"
2025-02-22 19:43:58.159 [main] INFO  o.s.d.r.c.RepositoryConfigurationDelegate - Bootstrapping Spring Data Reactive MongoDB repositories in DEFAULT mode.
2025-02-22 19:43:58.266 [main] INFO  o.s.d.r.c.RepositoryConfigurationDelegate - Finished Spring Data repository scanning in 101 ms. Found 2 Reactive MongoDB repository interfaces.
2025-02-22 19:43:58.444 [main] INFO  o.s.cloud.context.scope.GenericScope - BeanFactory id=72ef2494-619c-372b-b9c2-31ce237d2dbe
2025-02-22 19:43:59.190 [main] INFO  org.mongodb.driver.client - MongoClient with metadata {"driver": {"name": "mongo-java-driver|reactive-streams|spring-boot", "version": "5.2.1"}, "os": {"type": "Windows", "name": "Windows 10", "architecture": "amd64", "version": "10.0"}, "platform": "Java/Oracle Corporation/17.0.12+8-LTS-286"} created with settings MongoClientSettings{readPreference=primary, writeConcern=WriteConcern{w=null, wTimeout=null ms, journal=null}, retryWrites=true, retryReads=true, readConcern=ReadConcern{level=null}, credential=null, transportSettings=NettyTransportSettings{eventLoopGroup=io.netty.channel.nio.NioEventLoopGroup@5d5574c7, socketChannelClass=null, allocator=null, sslContext=null}, commandListeners=[], codecRegistry=ProvidersCodecRegistry{codecProviders=[ValueCodecProvider{}, BsonValueCodecProvider{}, DBRefCodecProvider{}, DBObjectCodecProvider{}, DocumentCodecProvider{}, CollectionCodecProvider{}, IterableCodecProvider{}, MapCodecProvider{}, GeoJsonCodecProvider{}, GridFSFileCodecProvider{}, Jsr310CodecProvider{}, JsonObjectCodecProvider{}, BsonCodecProvider{}, EnumCodecProvider{}, com.mongodb.client.model.mql.ExpressionCodecProvider@5a7a6d34, com.mongodb.Jep395RecordCodecProvider@36871e98, com.mongodb.KotlinCodecProvider@70d687b8]}, loggerSettings=LoggerSettings{maxDocumentLength=1000}, clusterSettings={hosts=[localhost:27017], srvServiceName=mongodb, mode=SINGLE, requiredClusterType=UNKNOWN, requiredReplicaSetName='null', serverSelector='null', clusterListeners='[]', serverSelectionTimeout='30000 ms', localThreshold='15 ms'}, socketSettings=SocketSettings{connectTimeoutMS=10000, readTimeoutMS=0, receiveBufferSize=0, proxySettings=ProxySettings{host=null, port=null, username=null, password=null}}, heartbeatSocketSettings=SocketSettings{connectTimeoutMS=10000, readTimeoutMS=10000, receiveBufferSize=0, proxySettings=ProxySettings{host=null, port=null, username=null, password=null}}, connectionPoolSettings=ConnectionPoolSettings{maxSize=100, minSize=0, maxWaitTimeMS=120000, maxConnectionLifeTimeMS=0, maxConnectionIdleTimeMS=0, maintenanceInitialDelayMS=0, maintenanceFrequencyMS=60000, connectionPoolListeners=[], maxConnecting=2}, serverSettings=ServerSettings{heartbeatFrequencyMS=10000, minHeartbeatFrequencyMS=500, serverMonitoringMode=AUTO, serverListeners='[]', serverMonitorListeners='[]'}, sslSettings=SslSettings{enabled=false, invalidHostNameAllowed=false, context=null}, applicationName='null', compressorList=[], uuidRepresentation=JAVA_LEGACY, serverApi=null, autoEncryptionSettings=null, dnsClient=null, inetAddressResolver=null, contextProvider=null, timeoutMS=null}
2025-02-22 19:43:59.299 [cluster-ClusterId{value='67ba6f4f15a5c627720b27ed', description='null'}-localhost:27017] INFO  org.mongodb.driver.cluster - Monitor thread successfully connected to server with description ServerDescription{address=localhost:27017, type=STANDALONE, cryptd=false, state=CONNECTED, ok=true, minWireVersion=0, maxWireVersion=25, maxDocumentSize=16777216, logicalSessionTimeoutMinutes=30, roundTripTimeNanos=37396000, minRoundTripTimeNanos=0}
2025-02-22 19:44:00.133 [main] INFO  o.s.c.n.e.c.DiscoveryClientOptionalArgsConfiguration - Eureka HTTP Client uses RestTemplate.
2025-02-22 19:44:00.171 [main] WARN  o.s.c.l.c.LoadBalancerCacheAutoConfiguration$LoadBalancerCaffeineWarnLogger - Spring Cloud LoadBalancer is currently working with the default cache. While this cache implementation is useful for development and tests, it's recommended to use Caffeine cache in production.You can switch to using Caffeine cache, by adding it and org.springframework.cache.caffeine.CaffeineCacheManager to the classpath.
2025-02-22 19:44:00.218 [main] INFO  o.s.c.n.eureka.InstanceInfoFactory - Setting initial instance status as: STARTING
2025-02-22 19:44:00.242 [main] INFO  c.netflix.discovery.DiscoveryClient - Initializing Eureka in region us-east-1
2025-02-22 19:44:00.246 [main] INFO  c.n.d.s.r.aws.ConfigClusterResolver - Resolving eureka endpoints via configuration
2025-02-22 19:44:00.255 [main] INFO  c.netflix.discovery.DiscoveryClient - Disable delta property : false
2025-02-22 19:44:00.255 [main] INFO  c.netflix.discovery.DiscoveryClient - Single vip registry refresh property : null
2025-02-22 19:44:00.255 [main] INFO  c.netflix.discovery.DiscoveryClient - Force full registry fetch : false
2025-02-22 19:44:00.255 [main] INFO  c.netflix.discovery.DiscoveryClient - Application is null : false
2025-02-22 19:44:00.255 [main] INFO  c.netflix.discovery.DiscoveryClient - Registered Applications size is zero : true
2025-02-22 19:44:00.255 [main] INFO  c.netflix.discovery.DiscoveryClient - Application version is -1: true
2025-02-22 19:44:00.256 [main] INFO  c.netflix.discovery.DiscoveryClient - Getting all instance registry info from the eureka server
2025-02-22 19:44:00.487 [main] INFO  c.netflix.discovery.DiscoveryClient - The response status is 200
2025-02-22 19:44:00.489 [main] INFO  c.netflix.discovery.DiscoveryClient - Starting heartbeat executor: renew interval is: 30
2025-02-22 19:44:00.492 [main] INFO  c.n.discovery.InstanceInfoReplicator - InstanceInfoReplicator onDemand update allowed rate per min is 4
2025-02-22 19:44:00.495 [main] INFO  c.netflix.discovery.DiscoveryClient - Discovery Client initialized at timestamp 1740271440493 with initial instances count: 2
2025-02-22 19:44:00.499 [main] INFO  o.s.c.n.e.s.EurekaServiceRegistry - Registering application BT-MS-CUSTOMERS with eureka with status UP
2025-02-22 19:44:00.499 [main] INFO  c.netflix.discovery.DiscoveryClient - Saw local status change event StatusChangeEvent [timestamp=1740271440499, current=UP, previous=STARTING]
2025-02-22 19:44:00.501 [DiscoveryClient-InstanceInfoReplicator-%d] INFO  c.netflix.discovery.DiscoveryClient - DiscoveryClient_BT-MS-CUSTOMERS/NTTD-1MYJR54.mshome.net:bt-ms-customers:8081: registering service...
2025-02-22 19:44:00.534 [DiscoveryClient-InstanceInfoReplicator-%d] INFO  c.netflix.discovery.DiscoveryClient - DiscoveryClient_BT-MS-CUSTOMERS/NTTD-1MYJR54.mshome.net:bt-ms-customers:8081 - registration status: 204
2025-02-22 19:44:00.625 [main] INFO  o.s.b.w.e.netty.NettyWebServer - Netty started on port 8081 (http)
2025-02-22 19:44:00.627 [main] INFO  o.s.c.n.e.s.EurekaAutoServiceRegistration - Updating port to 8081
2025-02-22 19:44:00.969 [main] INFO  c.b.b.MsCustomersApplication - Started MsCustomersApplication in 6.049 seconds (process running for 6.979)
2025-02-22 19:46:41.958 [nioEventLoopGroup-3-3] INFO  c.b.b.controller.CustomerController - CustomerDTO(id=67ba6fa315a5c627720b27ef, name=Pedro, lastName=Garcia, email=pedrog360@gmail.com, documentNumber=26371921, customerType=CustomerTypeDTO(id=67b8d815c26b32faadde966d, description=null))
2025-02-22 19:47:10.119 [SpringApplicationShutdownHook] INFO  o.s.c.n.e.s.EurekaServiceRegistry - Unregistering application BT-MS-CUSTOMERS with eureka with status DOWN
2025-02-22 19:47:10.119 [SpringApplicationShutdownHook] INFO  c.netflix.discovery.DiscoveryClient - Saw local status change event StatusChangeEvent [timestamp=1740271630119, current=DOWN, previous=UP]
2025-02-22 19:47:10.119 [DiscoveryClient-InstanceInfoReplicator-%d] INFO  c.netflix.discovery.DiscoveryClient - DiscoveryClient_BT-MS-CUSTOMERS/NTTD-1MYJR54.mshome.net:bt-ms-customers:8081: registering service...
2025-02-22 19:47:10.122 [SpringApplicationShutdownHook] INFO  o.s.b.w.e.netty.GracefulShutdown - Commencing graceful shutdown. Waiting for active requests to complete
2025-02-22 19:47:10.126 [DiscoveryClient-InstanceInfoReplicator-%d] INFO  c.netflix.discovery.DiscoveryClient - DiscoveryClient_BT-MS-CUSTOMERS/NTTD-1MYJR54.mshome.net:bt-ms-customers:8081 - registration status: 204
2025-02-22 19:47:10.126 [netty-shutdown] INFO  o.s.b.w.e.netty.GracefulShutdown - Graceful shutdown complete
2025-02-22 19:47:14.817 [background-preinit] INFO  o.h.validator.internal.util.Version - HV000001: Hibernate Validator 8.0.2.Final
2025-02-22 19:47:15.367 [main] INFO  o.s.c.c.c.ConfigServicePropertySourceLocator - Fetching config from server at : http://localhost:9001
2025-02-22 19:47:17.167 [main] INFO  o.s.c.c.c.ConfigServicePropertySourceLocator - Located environment: name=bt-ms-customers, profiles=[dev], label=null, version=e374c450d24cd57145ec56f3d3a5646d3ff91137, state=
2025-02-22 19:47:17.168 [main] INFO  o.s.c.b.c.PropertySourceBootstrapConfiguration - Located property source: [BootstrapPropertySource {name='bootstrapProperties-configClient'}, BootstrapPropertySource {name='bootstrapProperties-https://github.com/AldoSBou/BootcampConfigServerFiles/bt-ms-customers-dev.yml'}]
2025-02-22 19:47:17.174 [main] INFO  c.b.b.MsCustomersApplication - No active profile set, falling back to 1 default profile: "default"
2025-02-22 19:47:17.451 [main] INFO  o.s.d.r.c.RepositoryConfigurationDelegate - Bootstrapping Spring Data Reactive MongoDB repositories in DEFAULT mode.
2025-02-22 19:47:17.563 [main] INFO  o.s.d.r.c.RepositoryConfigurationDelegate - Finished Spring Data repository scanning in 104 ms. Found 2 Reactive MongoDB repository interfaces.
2025-02-22 19:47:17.714 [main] INFO  o.s.cloud.context.scope.GenericScope - BeanFactory id=72ef2494-619c-372b-b9c2-31ce237d2dbe
2025-02-22 19:47:18.480 [main] INFO  org.mongodb.driver.client - MongoClient with metadata {"driver": {"name": "mongo-java-driver|reactive-streams|spring-boot", "version": "5.2.1"}, "os": {"type": "Windows", "name": "Windows 10", "architecture": "amd64", "version": "10.0"}, "platform": "Java/Oracle Corporation/17.0.12+8-LTS-286"} created with settings MongoClientSettings{readPreference=primary, writeConcern=WriteConcern{w=null, wTimeout=null ms, journal=null}, retryWrites=true, retryReads=true, readConcern=ReadConcern{level=null}, credential=null, transportSettings=NettyTransportSettings{eventLoopGroup=io.netty.channel.nio.NioEventLoopGroup@5abbb273, socketChannelClass=null, allocator=null, sslContext=null}, commandListeners=[], codecRegistry=ProvidersCodecRegistry{codecProviders=[ValueCodecProvider{}, BsonValueCodecProvider{}, DBRefCodecProvider{}, DBObjectCodecProvider{}, DocumentCodecProvider{}, CollectionCodecProvider{}, IterableCodecProvider{}, MapCodecProvider{}, GeoJsonCodecProvider{}, GridFSFileCodecProvider{}, Jsr310CodecProvider{}, JsonObjectCodecProvider{}, BsonCodecProvider{}, EnumCodecProvider{}, com.mongodb.client.model.mql.ExpressionCodecProvider@25d9291a, com.mongodb.Jep395RecordCodecProvider@445058e8, com.mongodb.KotlinCodecProvider@5d5574c7]}, loggerSettings=LoggerSettings{maxDocumentLength=1000}, clusterSettings={hosts=[localhost:27017], srvServiceName=mongodb, mode=SINGLE, requiredClusterType=UNKNOWN, requiredReplicaSetName='null', serverSelector='null', clusterListeners='[]', serverSelectionTimeout='30000 ms', localThreshold='15 ms'}, socketSettings=SocketSettings{connectTimeoutMS=10000, readTimeoutMS=0, receiveBufferSize=0, proxySettings=ProxySettings{host=null, port=null, username=null, password=null}}, heartbeatSocketSettings=SocketSettings{connectTimeoutMS=10000, readTimeoutMS=10000, receiveBufferSize=0, proxySettings=ProxySettings{host=null, port=null, username=null, password=null}}, connectionPoolSettings=ConnectionPoolSettings{maxSize=100, minSize=0, maxWaitTimeMS=120000, maxConnectionLifeTimeMS=0, maxConnectionIdleTimeMS=0, maintenanceInitialDelayMS=0, maintenanceFrequencyMS=60000, connectionPoolListeners=[], maxConnecting=2}, serverSettings=ServerSettings{heartbeatFrequencyMS=10000, minHeartbeatFrequencyMS=500, serverMonitoringMode=AUTO, serverListeners='[]', serverMonitorListeners='[]'}, sslSettings=SslSettings{enabled=false, invalidHostNameAllowed=false, context=null}, applicationName='null', compressorList=[], uuidRepresentation=JAVA_LEGACY, serverApi=null, autoEncryptionSettings=null, dnsClient=null, inetAddressResolver=null, contextProvider=null, timeoutMS=null}
2025-02-22 19:47:18.601 [cluster-ClusterId{value='67ba70162f234059c3da3e73', description='null'}-localhost:27017] INFO  org.mongodb.driver.cluster - Monitor thread successfully connected to server with description ServerDescription{address=localhost:27017, type=STANDALONE, cryptd=false, state=CONNECTED, ok=true, minWireVersion=0, maxWireVersion=25, maxDocumentSize=16777216, logicalSessionTimeoutMinutes=30, roundTripTimeNanos=37041400, minRoundTripTimeNanos=0}
2025-02-22 19:47:19.422 [main] INFO  o.s.c.n.e.c.DiscoveryClientOptionalArgsConfiguration - Eureka HTTP Client uses RestTemplate.
2025-02-22 19:47:19.450 [main] WARN  o.s.c.l.c.LoadBalancerCacheAutoConfiguration$LoadBalancerCaffeineWarnLogger - Spring Cloud LoadBalancer is currently working with the default cache. While this cache implementation is useful for development and tests, it's recommended to use Caffeine cache in production.You can switch to using Caffeine cache, by adding it and org.springframework.cache.caffeine.CaffeineCacheManager to the classpath.
2025-02-22 19:47:19.497 [main] INFO  o.s.c.n.eureka.InstanceInfoFactory - Setting initial instance status as: STARTING
2025-02-22 19:47:19.513 [main] INFO  c.netflix.discovery.DiscoveryClient - Initializing Eureka in region us-east-1
2025-02-22 19:47:19.517 [main] INFO  c.n.d.s.r.aws.ConfigClusterResolver - Resolving eureka endpoints via configuration
2025-02-22 19:47:19.523 [main] INFO  c.netflix.discovery.DiscoveryClient - Disable delta property : false
2025-02-22 19:47:19.523 [main] INFO  c.netflix.discovery.DiscoveryClient - Single vip registry refresh property : null
2025-02-22 19:47:19.523 [main] INFO  c.netflix.discovery.DiscoveryClient - Force full registry fetch : false
2025-02-22 19:47:19.523 [main] INFO  c.netflix.discovery.DiscoveryClient - Application is null : false
2025-02-22 19:47:19.523 [main] INFO  c.netflix.discovery.DiscoveryClient - Registered Applications size is zero : true
2025-02-22 19:47:19.523 [main] INFO  c.netflix.discovery.DiscoveryClient - Application version is -1: true
2025-02-22 19:47:19.524 [main] INFO  c.netflix.discovery.DiscoveryClient - Getting all instance registry info from the eureka server
2025-02-22 19:47:19.720 [main] INFO  c.netflix.discovery.DiscoveryClient - The response status is 200
2025-02-22 19:47:19.723 [main] INFO  c.netflix.discovery.DiscoveryClient - Starting heartbeat executor: renew interval is: 30
2025-02-22 19:47:19.724 [main] INFO  c.n.discovery.InstanceInfoReplicator - InstanceInfoReplicator onDemand update allowed rate per min is 4
2025-02-22 19:47:19.726 [main] INFO  c.netflix.discovery.DiscoveryClient - Discovery Client initialized at timestamp 1740271639725 with initial instances count: 2
2025-02-22 19:47:19.728 [main] INFO  o.s.c.n.e.s.EurekaServiceRegistry - Registering application BT-MS-CUSTOMERS with eureka with status UP
2025-02-22 19:47:19.729 [main] INFO  c.netflix.discovery.DiscoveryClient - Saw local status change event StatusChangeEvent [timestamp=1740271639729, current=UP, previous=STARTING]
2025-02-22 19:47:19.730 [DiscoveryClient-InstanceInfoReplicator-%d] INFO  c.netflix.discovery.DiscoveryClient - DiscoveryClient_BT-MS-CUSTOMERS/NTTD-1MYJR54.mshome.net:bt-ms-customers:8081: registering service...
2025-02-22 19:47:19.757 [DiscoveryClient-InstanceInfoReplicator-%d] INFO  c.netflix.discovery.DiscoveryClient - DiscoveryClient_BT-MS-CUSTOMERS/NTTD-1MYJR54.mshome.net:bt-ms-customers:8081 - registration status: 204
2025-02-22 19:47:19.847 [main] INFO  o.s.b.w.e.netty.NettyWebServer - Netty started on port 8081 (http)
2025-02-22 19:47:19.848 [main] INFO  o.s.c.n.e.s.EurekaAutoServiceRegistration - Updating port to 8081
2025-02-22 19:47:20.190 [main] INFO  c.b.b.MsCustomersApplication - Started MsCustomersApplication in 5.926 seconds (process running for 6.756)
2025-02-22 19:48:02.945 [nioEventLoopGroup-3-3] INFO  c.b.b.controller.CustomerController - CustomerDTO(id=67ba70412f234059c3da3e74, name=Pedro, lastName=Garcia, email=pedrog360@gmail.com, documentNumber=26371921, customerType=CustomerTypeDTO(id=67b8d815c26b32faadde966d, description=null))
2025-02-22 19:48:25.845 [nioEventLoopGroup-3-3] ERROR o.s.b.a.w.r.e.AbstractErrorWebExceptionHandler - [94717e13-1]  500 Server Error for HTTP POST "/api/customers"
java.lang.NullPointerException: Cannot invoke "String.isEmpty()" because "str" is null
	at java.base/java.lang.String.concat(String.java:2773)
	Suppressed: reactor.core.publisher.FluxOnAssembly$OnAssemblyException: 
Assembly trace from producer [reactor.core.publisher.MonoMapFuseable] :
	reactor.core.publisher.Mono.map(Mono.java:3490)
	com.bootcamp.btmscustomers.controller.CustomerController.createCustomer(CustomerController.java:54)
Error has been observed at the following site(s):
	*_____________Mono.map ⇢ at com.bootcamp.btmscustomers.controller.CustomerController.createCustomer(CustomerController.java:54)
	|_ Mono.defaultIfEmpty ⇢ at com.bootcamp.btmscustomers.controller.CustomerController.createCustomer(CustomerController.java:57)
	|_        Mono.flatMap ⇢ at org.springframework.web.reactive.result.method.annotation.ResponseEntityResultHandler.handleResult(ResponseEntityResultHandler.java:151)
	|_          checkpoint ⇢ Handler com.bootcamp.btmscustomers.controller.CustomerController#createCustomer(CustomerDTO, ServerHttpRequest) [DispatcherHandler]
	|_  Mono.onErrorResume ⇢ at org.springframework.web.reactive.DispatcherHandler.lambda$handleResultMono$7(DispatcherHandler.java:176)
	*_________Mono.flatMap ⇢ at org.springframework.web.reactive.DispatcherHandler.lambda$handleResultMono$6(DispatcherHandler.java:177)
	*_________Mono.flatMap ⇢ at org.springframework.web.reactive.DispatcherHandler.handleResultMono(DispatcherHandler.java:172)
	*_________Mono.flatMap ⇢ at org.springframework.web.reactive.DispatcherHandler.handle(DispatcherHandler.java:154)
	*___________Mono.defer ⇢ at org.springframework.web.server.handler.DefaultWebFilterChain.filter(DefaultWebFilterChain.java:106)
	|_      Mono.doOnError ⇢ at org.springframework.web.server.handler.ExceptionHandlingWebHandler.handle(ExceptionHandlingWebHandler.java:84)
	|_  Mono.onErrorResume ⇢ at org.springframework.web.server.handler.ExceptionHandlingWebHandler.handle(ExceptionHandlingWebHandler.java:85)
	|_      Mono.doOnError ⇢ at org.springframework.web.server.handler.ExceptionHandlingWebHandler.handle(ExceptionHandlingWebHandler.java:84)
	*___________Mono.error ⇢ at org.springframework.web.server.handler.ExceptionHandlingWebHandler$CheckpointInsertingHandler.handle(ExceptionHandlingWebHandler.java:106)
	|_          checkpoint ⇢ HTTP POST "/api/customers" [ExceptionHandlingWebHandler]
Original Stack Trace:
		at java.base/java.lang.String.concat(String.java:2773)
		at com.bootcamp.btmscustomers.controller.CustomerController.lambda$createCustomer$2(CustomerController.java:54)
		at reactor.core.publisher.FluxMapFuseable$MapFuseableSubscriber.onNext(FluxMapFuseable.java:113)
		at reactor.core.publisher.FluxPeekFuseable$PeekFuseableSubscriber.onNext(FluxPeekFuseable.java:210)
		at reactor.core.publisher.FluxMapFuseable$MapFuseableSubscriber.onNext(FluxMapFuseable.java:129)
		at reactor.core.publisher.MonoUsingWhen$MonoUsingWhenSubscriber.deferredComplete(MonoUsingWhen.java:268)
		at reactor.core.publisher.FluxUsingWhen$CommitInner.onComplete(FluxUsingWhen.java:532)
		at reactor.core.publisher.Operators.complete(Operators.java:137)
		at reactor.core.publisher.MonoEmpty.subscribe(MonoEmpty.java:46)
		at reactor.core.publisher.Mono.subscribe(Mono.java:4576)
		at reactor.core.publisher.FluxUsingWhen$UsingWhenSubscriber.onComplete(FluxUsingWhen.java:389)
		at reactor.core.publisher.MonoFlatMap$FlatMapMain.secondComplete(MonoFlatMap.java:246)
		at reactor.core.publisher.MonoFlatMap$FlatMapInner.onNext(MonoFlatMap.java:305)
		at reactor.core.publisher.MonoFlatMap$FlatMapMain.onNext(MonoFlatMap.java:158)
		at reactor.core.publisher.FluxMapFuseable$MapFuseableSubscriber.onNext(FluxMapFuseable.java:129)
		at reactor.core.publisher.Operators$BaseFluxToMonoOperator.completePossiblyEmpty(Operators.java:2097)
		at reactor.core.publisher.MonoTakeLastOne$TakeLastOneSubscriber.onComplete(MonoTakeLastOne.java:162)
		at reactor.core.publisher.Operators$MultiSubscriptionSubscriber.onComplete(Operators.java:2231)
		at reactor.core.publisher.MonoFlatMapMany$FlatMapManyInner.onComplete(MonoFlatMapMany.java:261)
		at reactor.core.publisher.FluxMapFuseable$MapFuseableSubscriber.onComplete(FluxMapFuseable.java:152)
		at reactor.core.publisher.Operators$MultiSubscriptionSubscriber.onComplete(Operators.java:2231)
		at reactor.core.publisher.MonoNext$NextSubscriber.onComplete(MonoNext.java:102)
		at reactor.core.publisher.MonoNext$NextSubscriber.onNext(MonoNext.java:83)
		at reactor.core.publisher.MonoNext$NextSubscriber.onNext(MonoNext.java:82)
		at reactor.core.publisher.MonoFlatMap$FlatMapMain.secondComplete(MonoFlatMap.java:245)
		at reactor.core.publisher.MonoFlatMap$FlatMapInner.onNext(MonoFlatMap.java:305)
		at reactor.core.publisher.MonoPeekTerminal$MonoTerminalPeekSubscriber.onNext(MonoPeekTerminal.java:180)
		at reactor.core.publisher.MonoCreate$DefaultMonoSink.success(MonoCreate.java:176)
		at com.mongodb.reactivestreams.client.internal.MongoOperationPublisher.lambda$sinkToCallback$37(MongoOperationPublisher.java:590)
		at com.mongodb.reactivestreams.client.internal.OperationExecutorImpl.lambda$execute$7(OperationExecutorImpl.java:126)
		at com.mongodb.internal.async.ErrorHandlingResultCallback.onResult(ErrorHandlingResultCallback.java:47)
		at com.mongodb.internal.operation.AsyncOperationHelper.lambda$exceptionTransformingCallback$18(AsyncOperationHelper.java:365)
		at com.mongodb.internal.async.function.AsyncCallbackSupplier.lambda$whenComplete$1(AsyncCallbackSupplier.java:97)
		at com.mongodb.internal.async.function.RetryingAsyncCallbackSupplier$RetryingCallback.onResult(RetryingAsyncCallbackSupplier.java:126)
		at com.mongodb.internal.async.ErrorHandlingResultCallback.onResult(ErrorHandlingResultCallback.java:47)
		at com.mongodb.internal.async.function.AsyncCallbackSupplier.lambda$whenComplete$1(AsyncCallbackSupplier.java:97)
		at com.mongodb.internal.async.ErrorHandlingResultCallback.onResult(ErrorHandlingResultCallback.java:47)
		at com.mongodb.internal.async.function.AsyncCallbackSupplier.lambda$whenComplete$1(AsyncCallbackSupplier.java:97)
		at com.mongodb.internal.operation.MixedBulkWriteOperation.lambda$executeBulkWriteBatchAsync$9(MixedBulkWriteOperation.java:372)
		at com.mongodb.internal.async.function.AsyncCallbackLoop$LoopingCallback.onResult(AsyncCallbackLoop.java:85)
		at com.mongodb.internal.async.function.AsyncCallbackLoop$LoopingCallback.onResult(AsyncCallbackLoop.java:62)
		at com.mongodb.internal.async.function.LoopState.breakAndCompleteIf(LoopState.java:113)
		at com.mongodb.internal.operation.MixedBulkWriteOperation.lambda$executeBulkWriteBatchAsync$8(MixedBulkWriteOperation.java:316)
		at com.mongodb.internal.async.function.AsyncCallbackLoop$LoopingCallback.onResult(AsyncCallbackLoop.java:83)
		at com.mongodb.internal.async.function.AsyncCallbackLoop$LoopingCallback.onResult(AsyncCallbackLoop.java:62)
		at com.mongodb.internal.operation.MixedBulkWriteOperation.lambda$executeBulkWriteBatchAsync$7(MixedBulkWriteOperation.java:340)
		at com.mongodb.internal.async.ErrorHandlingResultCallback.onResult(ErrorHandlingResultCallback.java:47)
		at com.mongodb.internal.connection.DefaultServer$DefaultServerProtocolExecutor.lambda$executeAsync$0(DefaultServer.java:248)
		at com.mongodb.internal.async.ErrorHandlingResultCallback.onResult(ErrorHandlingResultCallback.java:47)
		at com.mongodb.internal.connection.CommandProtocolImpl.lambda$executeAsync$0(CommandProtocolImpl.java:79)
		at com.mongodb.internal.connection.UsageTrackingInternalConnection.lambda$sendAndReceiveAsync$1(UsageTrackingInternalConnection.java:139)
		at com.mongodb.internal.async.ErrorHandlingResultCallback.onResult(ErrorHandlingResultCallback.java:47)
		at com.mongodb.internal.async.AsyncSupplier.lambda$finish$0(AsyncSupplier.java:73)
		at com.mongodb.internal.async.SingleResultCallback.complete(SingleResultCallback.java:67)
		at com.mongodb.internal.async.AsyncSupplier.lambda$onErrorIf$5(AsyncSupplier.java:130)
		at com.mongodb.internal.async.AsyncSupplier.lambda$finish$0(AsyncSupplier.java:73)
		at com.mongodb.internal.async.AsyncSupplier.lambda$finish$0(AsyncSupplier.java:73)
		at com.mongodb.internal.async.AsyncSupplier.lambda$finish$0(AsyncSupplier.java:73)
		at com.mongodb.internal.connection.InternalStreamConnection.lambda$sendCommandMessageAsync$9(InternalStreamConnection.java:635)
		at com.mongodb.internal.connection.InternalStreamConnection$MessageHeaderCallback$MessageCallback.onResult(InternalStreamConnection.java:946)
		at com.mongodb.internal.connection.InternalStreamConnection$MessageHeaderCallback$MessageCallback.onResult(InternalStreamConnection.java:909)
		at com.mongodb.internal.connection.InternalStreamConnection$2.completed(InternalStreamConnection.java:743)
		at com.mongodb.internal.connection.InternalStreamConnection$2.completed(InternalStreamConnection.java:740)
		at com.mongodb.internal.connection.netty.NettyStream.readAsync(NettyStream.java:334)
		at com.mongodb.internal.connection.netty.NettyStream.readAsync(NettyStream.java:278)
		at com.mongodb.internal.connection.InternalStreamConnection.readAsync(InternalStreamConnection.java:740)
		at com.mongodb.internal.connection.InternalStreamConnection.access$500(InternalStreamConnection.java:103)
		at com.mongodb.internal.connection.InternalStreamConnection$MessageHeaderCallback.onResult(InternalStreamConnection.java:898)
		at com.mongodb.internal.connection.InternalStreamConnection$MessageHeaderCallback.onResult(InternalStreamConnection.java:880)
		at com.mongodb.internal.connection.InternalStreamConnection$2.completed(InternalStreamConnection.java:743)
		at com.mongodb.internal.connection.InternalStreamConnection$2.completed(InternalStreamConnection.java:740)
		at com.mongodb.internal.connection.netty.NettyStream.readAsync(NettyStream.java:334)
		at com.mongodb.internal.connection.netty.NettyStream.handleReadResponse(NettyStream.java:361)
		at com.mongodb.internal.connection.netty.NettyStream.access$900(NettyStream.java:115)
		at com.mongodb.internal.connection.netty.NettyStream$InboundBufferHandler.channelRead0(NettyStream.java:437)
		at com.mongodb.internal.connection.netty.NettyStream$InboundBufferHandler.channelRead0(NettyStream.java:434)
		at io.netty.channel.SimpleChannelInboundHandler.channelRead(SimpleChannelInboundHandler.java:99)
		at io.netty.channel.AbstractChannelHandlerContext.invokeChannelRead(AbstractChannelHandlerContext.java:444)
		at io.netty.channel.AbstractChannelHandlerContext.invokeChannelRead(AbstractChannelHandlerContext.java:420)
		at io.netty.channel.AbstractChannelHandlerContext.fireChannelRead(AbstractChannelHandlerContext.java:412)
		at io.netty.channel.DefaultChannelPipeline$HeadContext.channelRead(DefaultChannelPipeline.java:1357)
		at io.netty.channel.AbstractChannelHandlerContext.invokeChannelRead(AbstractChannelHandlerContext.java:440)
		at io.netty.channel.AbstractChannelHandlerContext.invokeChannelRead(AbstractChannelHandlerContext.java:420)
		at io.netty.channel.DefaultChannelPipeline.fireChannelRead(DefaultChannelPipeline.java:868)
		at io.netty.channel.nio.AbstractNioByteChannel$NioByteUnsafe.read(AbstractNioByteChannel.java:166)
		at io.netty.channel.nio.NioEventLoop.processSelectedKey(NioEventLoop.java:788)
		at io.netty.channel.nio.NioEventLoop.processSelectedKeysOptimized(NioEventLoop.java:724)
		at io.netty.channel.nio.NioEventLoop.processSelectedKeys(NioEventLoop.java:650)
		at io.netty.channel.nio.NioEventLoop.run(NioEventLoop.java:562)
		at io.netty.util.concurrent.SingleThreadEventExecutor$4.run(SingleThreadEventExecutor.java:997)
		at io.netty.util.internal.ThreadExecutorMap$2.run(ThreadExecutorMap.java:74)
		at io.netty.util.concurrent.FastThreadLocalRunnable.run(FastThreadLocalRunnable.java:30)
		at java.base/java.lang.Thread.run(Thread.java:842)
2025-02-22 19:50:16.323 [nioEventLoopGroup-3-3] INFO  c.b.b.controller.CustomerController - CustomerDTO(id=67ba70b12f234059c3da3e75, name=Pedro, lastName=Garcia, email=pedrog360@gmail.com, documentNumber=26371921, customerType=CustomerTypeDTO(id=67b8d815c26b32faadde966d, description=null))
2025-02-22 19:57:12.048 [AsyncResolver-bootstrap-executor-%d] INFO  c.n.d.s.r.aws.ConfigClusterResolver - Resolving eureka endpoints via configuration
2025-02-22 19:57:12.048 [nioEventLoopGroup-3-3] ERROR o.s.b.a.w.r.e.AbstractErrorWebExceptionHandler - [7ca3ebc2-2]  500 Server Error for HTTP POST "/api/customers"
java.lang.NullPointerException: Cannot invoke "String.isEmpty()" because "str" is null
	at java.base/java.lang.String.concat(String.java:2773)
	Suppressed: reactor.core.publisher.FluxOnAssembly$OnAssemblyException: 
Assembly trace from producer [reactor.core.publisher.MonoMapFuseable] :
	reactor.core.publisher.Mono.map(Mono.java:3490)
	com.bootcamp.btmscustomers.controller.CustomerController.createCustomer(CustomerController.java:54)
Error has been observed at the following site(s):
	*_____________Mono.map ⇢ at com.bootcamp.btmscustomers.controller.CustomerController.createCustomer(CustomerController.java:54)
	|_ Mono.defaultIfEmpty ⇢ at com.bootcamp.btmscustomers.controller.CustomerController.createCustomer(CustomerController.java:57)
	|_        Mono.flatMap ⇢ at org.springframework.web.reactive.result.method.annotation.ResponseEntityResultHandler.handleResult(ResponseEntityResultHandler.java:151)
	|_          checkpoint ⇢ Handler com.bootcamp.btmscustomers.controller.CustomerController#createCustomer(CustomerDTO, ServerHttpRequest) [DispatcherHandler]
	|_  Mono.onErrorResume ⇢ at org.springframework.web.reactive.DispatcherHandler.lambda$handleResultMono$7(DispatcherHandler.java:176)
	*_________Mono.flatMap ⇢ at org.springframework.web.reactive.DispatcherHandler.lambda$handleResultMono$6(DispatcherHandler.java:177)
	*_________Mono.flatMap ⇢ at org.springframework.web.reactive.DispatcherHandler.handleResultMono(DispatcherHandler.java:172)
	*_________Mono.flatMap ⇢ at org.springframework.web.reactive.DispatcherHandler.handle(DispatcherHandler.java:154)
	*___________Mono.defer ⇢ at org.springframework.web.server.handler.DefaultWebFilterChain.filter(DefaultWebFilterChain.java:106)
	|_      Mono.doOnError ⇢ at org.springframework.web.server.handler.ExceptionHandlingWebHandler.handle(ExceptionHandlingWebHandler.java:84)
	|_  Mono.onErrorResume ⇢ at org.springframework.web.server.handler.ExceptionHandlingWebHandler.handle(ExceptionHandlingWebHandler.java:85)
	|_      Mono.doOnError ⇢ at org.springframework.web.server.handler.ExceptionHandlingWebHandler.handle(ExceptionHandlingWebHandler.java:84)
	*___________Mono.error ⇢ at org.springframework.web.server.handler.ExceptionHandlingWebHandler$CheckpointInsertingHandler.handle(ExceptionHandlingWebHandler.java:106)
	|_          checkpoint ⇢ HTTP POST "/api/customers" [ExceptionHandlingWebHandler]
Original Stack Trace:
		at java.base/java.lang.String.concat(String.java:2773)
		at com.bootcamp.btmscustomers.controller.CustomerController.lambda$createCustomer$2(CustomerController.java:54)
		at reactor.core.publisher.FluxMapFuseable$MapFuseableSubscriber.onNext(FluxMapFuseable.java:113)
		at reactor.core.publisher.FluxPeekFuseable$PeekFuseableSubscriber.onNext(FluxPeekFuseable.java:210)
		at reactor.core.publisher.FluxMapFuseable$MapFuseableSubscriber.onNext(FluxMapFuseable.java:129)
		at reactor.core.publisher.MonoUsingWhen$MonoUsingWhenSubscriber.deferredComplete(MonoUsingWhen.java:268)
		at reactor.core.publisher.FluxUsingWhen$CommitInner.onComplete(FluxUsingWhen.java:532)
		at reactor.core.publisher.Operators.complete(Operators.java:137)
		at reactor.core.publisher.MonoEmpty.subscribe(MonoEmpty.java:46)
		at reactor.core.publisher.Mono.subscribe(Mono.java:4576)
		at reactor.core.publisher.FluxUsingWhen$UsingWhenSubscriber.onComplete(FluxUsingWhen.java:389)
		at reactor.core.publisher.MonoFlatMap$FlatMapMain.secondComplete(MonoFlatMap.java:246)
		at reactor.core.publisher.MonoFlatMap$FlatMapInner.onNext(MonoFlatMap.java:305)
		at reactor.core.publisher.MonoFlatMap$FlatMapMain.onNext(MonoFlatMap.java:158)
		at reactor.core.publisher.FluxMapFuseable$MapFuseableSubscriber.onNext(FluxMapFuseable.java:129)
		at reactor.core.publisher.Operators$BaseFluxToMonoOperator.completePossiblyEmpty(Operators.java:2097)
		at reactor.core.publisher.MonoTakeLastOne$TakeLastOneSubscriber.onComplete(MonoTakeLastOne.java:162)
		at reactor.core.publisher.Operators$MultiSubscriptionSubscriber.onComplete(Operators.java:2231)
		at reactor.core.publisher.MonoFlatMapMany$FlatMapManyInner.onComplete(MonoFlatMapMany.java:261)
		at reactor.core.publisher.FluxMapFuseable$MapFuseableSubscriber.onComplete(FluxMapFuseable.java:152)
		at reactor.core.publisher.Operators$MultiSubscriptionSubscriber.onComplete(Operators.java:2231)
		at reactor.core.publisher.MonoNext$NextSubscriber.onComplete(MonoNext.java:102)
		at reactor.core.publisher.MonoNext$NextSubscriber.onNext(MonoNext.java:83)
		at reactor.core.publisher.MonoNext$NextSubscriber.onNext(MonoNext.java:82)
		at reactor.core.publisher.MonoFlatMap$FlatMapMain.secondComplete(MonoFlatMap.java:245)
		at reactor.core.publisher.MonoFlatMap$FlatMapInner.onNext(MonoFlatMap.java:305)
		at reactor.core.publisher.MonoPeekTerminal$MonoTerminalPeekSubscriber.onNext(MonoPeekTerminal.java:180)
		at reactor.core.publisher.MonoCreate$DefaultMonoSink.success(MonoCreate.java:176)
		at com.mongodb.reactivestreams.client.internal.MongoOperationPublisher.lambda$sinkToCallback$37(MongoOperationPublisher.java:590)
		at com.mongodb.reactivestreams.client.internal.OperationExecutorImpl.lambda$execute$7(OperationExecutorImpl.java:126)
		at com.mongodb.internal.async.ErrorHandlingResultCallback.onResult(ErrorHandlingResultCallback.java:47)
		at com.mongodb.internal.operation.AsyncOperationHelper.lambda$exceptionTransformingCallback$18(AsyncOperationHelper.java:365)
		at com.mongodb.internal.async.function.AsyncCallbackSupplier.lambda$whenComplete$1(AsyncCallbackSupplier.java:97)
		at com.mongodb.internal.async.function.RetryingAsyncCallbackSupplier$RetryingCallback.onResult(RetryingAsyncCallbackSupplier.java:126)
		at com.mongodb.internal.async.ErrorHandlingResultCallback.onResult(ErrorHandlingResultCallback.java:47)
		at com.mongodb.internal.async.function.AsyncCallbackSupplier.lambda$whenComplete$1(AsyncCallbackSupplier.java:97)
		at com.mongodb.internal.async.ErrorHandlingResultCallback.onResult(ErrorHandlingResultCallback.java:47)
		at com.mongodb.internal.async.function.AsyncCallbackSupplier.lambda$whenComplete$1(AsyncCallbackSupplier.java:97)
		at com.mongodb.internal.operation.MixedBulkWriteOperation.lambda$executeBulkWriteBatchAsync$9(MixedBulkWriteOperation.java:372)
		at com.mongodb.internal.async.function.AsyncCallbackLoop$LoopingCallback.onResult(AsyncCallbackLoop.java:85)
		at com.mongodb.internal.async.function.AsyncCallbackLoop$LoopingCallback.onResult(AsyncCallbackLoop.java:62)
		at com.mongodb.internal.async.function.LoopState.breakAndCompleteIf(LoopState.java:113)
		at com.mongodb.internal.operation.MixedBulkWriteOperation.lambda$executeBulkWriteBatchAsync$8(MixedBulkWriteOperation.java:316)
		at com.mongodb.internal.async.function.AsyncCallbackLoop$LoopingCallback.onResult(AsyncCallbackLoop.java:83)
		at com.mongodb.internal.async.function.AsyncCallbackLoop$LoopingCallback.onResult(AsyncCallbackLoop.java:62)
		at com.mongodb.internal.operation.MixedBulkWriteOperation.lambda$executeBulkWriteBatchAsync$7(MixedBulkWriteOperation.java:340)
		at com.mongodb.internal.async.ErrorHandlingResultCallback.onResult(ErrorHandlingResultCallback.java:47)
		at com.mongodb.internal.connection.DefaultServer$DefaultServerProtocolExecutor.lambda$executeAsync$0(DefaultServer.java:248)
		at com.mongodb.internal.async.ErrorHandlingResultCallback.onResult(ErrorHandlingResultCallback.java:47)
		at com.mongodb.internal.connection.CommandProtocolImpl.lambda$executeAsync$0(CommandProtocolImpl.java:79)
		at com.mongodb.internal.connection.UsageTrackingInternalConnection.lambda$sendAndReceiveAsync$1(UsageTrackingInternalConnection.java:139)
		at com.mongodb.internal.async.ErrorHandlingResultCallback.onResult(ErrorHandlingResultCallback.java:47)
		at com.mongodb.internal.async.AsyncSupplier.lambda$finish$0(AsyncSupplier.java:73)
		at com.mongodb.internal.async.SingleResultCallback.complete(SingleResultCallback.java:67)
		at com.mongodb.internal.async.AsyncSupplier.lambda$onErrorIf$5(AsyncSupplier.java:130)
		at com.mongodb.internal.async.AsyncSupplier.lambda$finish$0(AsyncSupplier.java:73)
		at com.mongodb.internal.async.AsyncSupplier.lambda$finish$0(AsyncSupplier.java:73)
		at com.mongodb.internal.async.AsyncSupplier.lambda$finish$0(AsyncSupplier.java:73)
		at com.mongodb.internal.connection.InternalStreamConnection.lambda$sendCommandMessageAsync$9(InternalStreamConnection.java:635)
		at com.mongodb.internal.connection.InternalStreamConnection$MessageHeaderCallback$MessageCallback.onResult(InternalStreamConnection.java:946)
		at com.mongodb.internal.connection.InternalStreamConnection$MessageHeaderCallback$MessageCallback.onResult(InternalStreamConnection.java:909)
		at com.mongodb.internal.connection.InternalStreamConnection$2.completed(InternalStreamConnection.java:743)
		at com.mongodb.internal.connection.InternalStreamConnection$2.completed(InternalStreamConnection.java:740)
		at com.mongodb.internal.connection.netty.NettyStream.readAsync(NettyStream.java:334)
		at com.mongodb.internal.connection.netty.NettyStream.readAsync(NettyStream.java:278)
		at com.mongodb.internal.connection.InternalStreamConnection.readAsync(InternalStreamConnection.java:740)
		at com.mongodb.internal.connection.InternalStreamConnection.access$500(InternalStreamConnection.java:103)
		at com.mongodb.internal.connection.InternalStreamConnection$MessageHeaderCallback.onResult(InternalStreamConnection.java:898)
		at com.mongodb.internal.connection.InternalStreamConnection$MessageHeaderCallback.onResult(InternalStreamConnection.java:880)
		at com.mongodb.internal.connection.InternalStreamConnection$2.completed(InternalStreamConnection.java:743)
		at com.mongodb.internal.connection.InternalStreamConnection$2.completed(InternalStreamConnection.java:740)
		at com.mongodb.internal.connection.netty.NettyStream.readAsync(NettyStream.java:334)
		at com.mongodb.internal.connection.netty.NettyStream.handleReadResponse(NettyStream.java:361)
		at com.mongodb.internal.connection.netty.NettyStream.access$900(NettyStream.java:115)
		at com.mongodb.internal.connection.netty.NettyStream$InboundBufferHandler.channelRead0(NettyStream.java:437)
		at com.mongodb.internal.connection.netty.NettyStream$InboundBufferHandler.channelRead0(NettyStream.java:434)
		at io.netty.channel.SimpleChannelInboundHandler.channelRead(SimpleChannelInboundHandler.java:99)
		at io.netty.channel.AbstractChannelHandlerContext.invokeChannelRead(AbstractChannelHandlerContext.java:444)
		at io.netty.channel.AbstractChannelHandlerContext.invokeChannelRead(AbstractChannelHandlerContext.java:420)
		at io.netty.channel.AbstractChannelHandlerContext.fireChannelRead(AbstractChannelHandlerContext.java:412)
		at io.netty.channel.DefaultChannelPipeline$HeadContext.channelRead(DefaultChannelPipeline.java:1357)
		at io.netty.channel.AbstractChannelHandlerContext.invokeChannelRead(AbstractChannelHandlerContext.java:440)
		at io.netty.channel.AbstractChannelHandlerContext.invokeChannelRead(AbstractChannelHandlerContext.java:420)
		at io.netty.channel.DefaultChannelPipeline.fireChannelRead(DefaultChannelPipeline.java:868)
		at io.netty.channel.nio.AbstractNioByteChannel$NioByteUnsafe.read(AbstractNioByteChannel.java:166)
		at io.netty.channel.nio.NioEventLoop.processSelectedKey(NioEventLoop.java:788)
		at io.netty.channel.nio.NioEventLoop.processSelectedKeysOptimized(NioEventLoop.java:724)
		at io.netty.channel.nio.NioEventLoop.processSelectedKeys(NioEventLoop.java:650)
		at io.netty.channel.nio.NioEventLoop.run(NioEventLoop.java:562)
		at io.netty.util.concurrent.SingleThreadEventExecutor$4.run(SingleThreadEventExecutor.java:997)
		at io.netty.util.internal.ThreadExecutorMap$2.run(ThreadExecutorMap.java:74)
		at io.netty.util.concurrent.FastThreadLocalRunnable.run(FastThreadLocalRunnable.java:30)
		at java.base/java.lang.Thread.run(Thread.java:842)
2025-02-22 19:57:13.985 [SpringApplicationShutdownHook] INFO  o.s.c.n.e.s.EurekaServiceRegistry - Unregistering application BT-MS-CUSTOMERS with eureka with status DOWN
2025-02-22 19:57:13.985 [SpringApplicationShutdownHook] INFO  c.netflix.discovery.DiscoveryClient - Saw local status change event StatusChangeEvent [timestamp=1740272233985, current=DOWN, previous=UP]
2025-02-22 19:57:13.985 [DiscoveryClient-InstanceInfoReplicator-%d] INFO  c.netflix.discovery.DiscoveryClient - DiscoveryClient_BT-MS-CUSTOMERS/NTTD-1MYJR54.mshome.net:bt-ms-customers:8081: registering service...
2025-02-22 19:57:13.987 [SpringApplicationShutdownHook] INFO  o.s.b.w.e.netty.GracefulShutdown - Commencing graceful shutdown. Waiting for active requests to complete
2025-02-22 19:57:13.989 [DiscoveryClient-InstanceInfoReplicator-%d] INFO  c.netflix.discovery.DiscoveryClient - DiscoveryClient_BT-MS-CUSTOMERS/NTTD-1MYJR54.mshome.net:bt-ms-customers:8081 - registration status: 204
2025-02-22 19:57:13.990 [netty-shutdown] INFO  o.s.b.w.e.netty.GracefulShutdown - Graceful shutdown complete
2025-02-22 19:57:19.192 [background-preinit] INFO  o.h.validator.internal.util.Version - HV000001: Hibernate Validator 8.0.2.Final
2025-02-22 19:57:19.743 [main] INFO  o.s.c.c.c.ConfigServicePropertySourceLocator - Fetching config from server at : http://localhost:9001
2025-02-22 19:57:22.091 [main] INFO  o.s.c.c.c.ConfigServicePropertySourceLocator - Located environment: name=bt-ms-customers, profiles=[dev], label=null, version=e374c450d24cd57145ec56f3d3a5646d3ff91137, state=
2025-02-22 19:57:22.092 [main] INFO  o.s.c.b.c.PropertySourceBootstrapConfiguration - Located property source: [BootstrapPropertySource {name='bootstrapProperties-configClient'}, BootstrapPropertySource {name='bootstrapProperties-https://github.com/AldoSBou/BootcampConfigServerFiles/bt-ms-customers-dev.yml'}]
2025-02-22 19:57:22.096 [main] INFO  c.b.b.MsCustomersApplication - No active profile set, falling back to 1 default profile: "default"
2025-02-22 19:57:22.390 [main] INFO  o.s.d.r.c.RepositoryConfigurationDelegate - Bootstrapping Spring Data Reactive MongoDB repositories in DEFAULT mode.
2025-02-22 19:57:22.486 [main] INFO  o.s.d.r.c.RepositoryConfigurationDelegate - Finished Spring Data repository scanning in 89 ms. Found 2 Reactive MongoDB repository interfaces.
2025-02-22 19:57:22.648 [main] INFO  o.s.cloud.context.scope.GenericScope - BeanFactory id=72ef2494-619c-372b-b9c2-31ce237d2dbe
2025-02-22 19:57:23.388 [main] INFO  org.mongodb.driver.client - MongoClient with metadata {"driver": {"name": "mongo-java-driver|reactive-streams|spring-boot", "version": "5.2.1"}, "os": {"type": "Windows", "name": "Windows 10", "architecture": "amd64", "version": "10.0"}, "platform": "Java/Oracle Corporation/17.0.12+8-LTS-286"} created with settings MongoClientSettings{readPreference=primary, writeConcern=WriteConcern{w=null, wTimeout=null ms, journal=null}, retryWrites=true, retryReads=true, readConcern=ReadConcern{level=null}, credential=null, transportSettings=NettyTransportSettings{eventLoopGroup=io.netty.channel.nio.NioEventLoopGroup@5abbb273, socketChannelClass=null, allocator=null, sslContext=null}, commandListeners=[], codecRegistry=ProvidersCodecRegistry{codecProviders=[ValueCodecProvider{}, BsonValueCodecProvider{}, DBRefCodecProvider{}, DBObjectCodecProvider{}, DocumentCodecProvider{}, CollectionCodecProvider{}, IterableCodecProvider{}, MapCodecProvider{}, GeoJsonCodecProvider{}, GridFSFileCodecProvider{}, Jsr310CodecProvider{}, JsonObjectCodecProvider{}, BsonCodecProvider{}, EnumCodecProvider{}, com.mongodb.client.model.mql.ExpressionCodecProvider@25d9291a, com.mongodb.Jep395RecordCodecProvider@445058e8, com.mongodb.KotlinCodecProvider@5d5574c7]}, loggerSettings=LoggerSettings{maxDocumentLength=1000}, clusterSettings={hosts=[localhost:27017], srvServiceName=mongodb, mode=SINGLE, requiredClusterType=UNKNOWN, requiredReplicaSetName='null', serverSelector='null', clusterListeners='[]', serverSelectionTimeout='30000 ms', localThreshold='15 ms'}, socketSettings=SocketSettings{connectTimeoutMS=10000, readTimeoutMS=0, receiveBufferSize=0, proxySettings=ProxySettings{host=null, port=null, username=null, password=null}}, heartbeatSocketSettings=SocketSettings{connectTimeoutMS=10000, readTimeoutMS=10000, receiveBufferSize=0, proxySettings=ProxySettings{host=null, port=null, username=null, password=null}}, connectionPoolSettings=ConnectionPoolSettings{maxSize=100, minSize=0, maxWaitTimeMS=120000, maxConnectionLifeTimeMS=0, maxConnectionIdleTimeMS=0, maintenanceInitialDelayMS=0, maintenanceFrequencyMS=60000, connectionPoolListeners=[], maxConnecting=2}, serverSettings=ServerSettings{heartbeatFrequencyMS=10000, minHeartbeatFrequencyMS=500, serverMonitoringMode=AUTO, serverListeners='[]', serverMonitorListeners='[]'}, sslSettings=SslSettings{enabled=false, invalidHostNameAllowed=false, context=null}, applicationName='null', compressorList=[], uuidRepresentation=JAVA_LEGACY, serverApi=null, autoEncryptionSettings=null, dnsClient=null, inetAddressResolver=null, contextProvider=null, timeoutMS=null}
2025-02-22 19:57:23.515 [cluster-ClusterId{value='67ba7273bfbe0c6c7518cd80', description='null'}-localhost:27017] INFO  org.mongodb.driver.cluster - Monitor thread successfully connected to server with description ServerDescription{address=localhost:27017, type=STANDALONE, cryptd=false, state=CONNECTED, ok=true, minWireVersion=0, maxWireVersion=25, maxDocumentSize=16777216, logicalSessionTimeoutMinutes=30, roundTripTimeNanos=40678400, minRoundTripTimeNanos=0}
2025-02-22 19:57:24.357 [main] INFO  o.s.c.n.e.c.DiscoveryClientOptionalArgsConfiguration - Eureka HTTP Client uses RestTemplate.
2025-02-22 19:57:24.385 [main] WARN  o.s.c.l.c.LoadBalancerCacheAutoConfiguration$LoadBalancerCaffeineWarnLogger - Spring Cloud LoadBalancer is currently working with the default cache. While this cache implementation is useful for development and tests, it's recommended to use Caffeine cache in production.You can switch to using Caffeine cache, by adding it and org.springframework.cache.caffeine.CaffeineCacheManager to the classpath.
2025-02-22 19:57:24.425 [main] INFO  o.s.c.n.eureka.InstanceInfoFactory - Setting initial instance status as: STARTING
2025-02-22 19:57:24.441 [main] INFO  c.netflix.discovery.DiscoveryClient - Initializing Eureka in region us-east-1
2025-02-22 19:57:24.443 [main] INFO  c.n.d.s.r.aws.ConfigClusterResolver - Resolving eureka endpoints via configuration
2025-02-22 19:57:24.450 [main] INFO  c.netflix.discovery.DiscoveryClient - Disable delta property : false
2025-02-22 19:57:24.450 [main] INFO  c.netflix.discovery.DiscoveryClient - Single vip registry refresh property : null
2025-02-22 19:57:24.451 [main] INFO  c.netflix.discovery.DiscoveryClient - Force full registry fetch : false
2025-02-22 19:57:24.451 [main] INFO  c.netflix.discovery.DiscoveryClient - Application is null : false
2025-02-22 19:57:24.451 [main] INFO  c.netflix.discovery.DiscoveryClient - Registered Applications size is zero : true
2025-02-22 19:57:24.451 [main] INFO  c.netflix.discovery.DiscoveryClient - Application version is -1: true
2025-02-22 19:57:24.451 [main] INFO  c.netflix.discovery.DiscoveryClient - Getting all instance registry info from the eureka server
2025-02-22 19:57:24.642 [main] INFO  c.netflix.discovery.DiscoveryClient - The response status is 200
2025-02-22 19:57:24.644 [main] INFO  c.netflix.discovery.DiscoveryClient - Starting heartbeat executor: renew interval is: 30
2025-02-22 19:57:24.646 [main] INFO  c.n.discovery.InstanceInfoReplicator - InstanceInfoReplicator onDemand update allowed rate per min is 4
2025-02-22 19:57:24.647 [main] INFO  c.netflix.discovery.DiscoveryClient - Discovery Client initialized at timestamp 1740272244647 with initial instances count: 2
2025-02-22 19:57:24.650 [main] INFO  o.s.c.n.e.s.EurekaServiceRegistry - Registering application BT-MS-CUSTOMERS with eureka with status UP
2025-02-22 19:57:24.650 [main] INFO  c.netflix.discovery.DiscoveryClient - Saw local status change event StatusChangeEvent [timestamp=1740272244650, current=UP, previous=STARTING]
2025-02-22 19:57:24.652 [DiscoveryClient-InstanceInfoReplicator-%d] INFO  c.netflix.discovery.DiscoveryClient - DiscoveryClient_BT-MS-CUSTOMERS/NTTD-1MYJR54.mshome.net:bt-ms-customers:8081: registering service...
2025-02-22 19:57:24.682 [DiscoveryClient-InstanceInfoReplicator-%d] INFO  c.netflix.discovery.DiscoveryClient - DiscoveryClient_BT-MS-CUSTOMERS/NTTD-1MYJR54.mshome.net:bt-ms-customers:8081 - registration status: 204
2025-02-22 19:57:24.778 [main] INFO  o.s.b.w.e.netty.NettyWebServer - Netty started on port 8081 (http)
2025-02-22 19:57:24.779 [main] INFO  o.s.c.n.e.s.EurekaAutoServiceRegistration - Updating port to 8081
2025-02-22 19:57:25.150 [main] INFO  c.b.b.MsCustomersApplication - Started MsCustomersApplication in 6.491 seconds (process running for 7.361)
2025-02-22 20:02:24.456 [AsyncResolver-bootstrap-executor-%d] INFO  c.n.d.s.r.aws.ConfigClusterResolver - Resolving eureka endpoints via configuration
2025-02-22 20:07:24.460 [AsyncResolver-bootstrap-executor-%d] INFO  c.n.d.s.r.aws.ConfigClusterResolver - Resolving eureka endpoints via configuration
2025-02-22 20:12:24.476 [AsyncResolver-bootstrap-executor-%d] INFO  c.n.d.s.r.aws.ConfigClusterResolver - Resolving eureka endpoints via configuration
2025-02-22 20:17:24.477 [AsyncResolver-bootstrap-executor-%d] INFO  c.n.d.s.r.aws.ConfigClusterResolver - Resolving eureka endpoints via configuration
2025-02-22 20:22:24.483 [AsyncResolver-bootstrap-executor-%d] INFO  c.n.d.s.r.aws.ConfigClusterResolver - Resolving eureka endpoints via configuration
2025-02-22 20:27:24.497 [AsyncResolver-bootstrap-executor-%d] INFO  c.n.d.s.r.aws.ConfigClusterResolver - Resolving eureka endpoints via configuration
2025-02-22 20:32:24.511 [AsyncResolver-bootstrap-executor-%d] INFO  c.n.d.s.r.aws.ConfigClusterResolver - Resolving eureka endpoints via configuration
2025-02-22 20:37:24.513 [AsyncResolver-bootstrap-executor-%d] INFO  c.n.d.s.r.aws.ConfigClusterResolver - Resolving eureka endpoints via configuration
2025-02-22 20:42:24.524 [AsyncResolver-bootstrap-executor-%d] INFO  c.n.d.s.r.aws.ConfigClusterResolver - Resolving eureka endpoints via configuration
2025-02-22 20:47:24.531 [AsyncResolver-bootstrap-executor-%d] INFO  c.n.d.s.r.aws.ConfigClusterResolver - Resolving eureka endpoints via configuration
2025-02-22 20:52:24.540 [AsyncResolver-bootstrap-executor-%d] INFO  c.n.d.s.r.aws.ConfigClusterResolver - Resolving eureka endpoints via configuration
2025-02-22 20:57:24.544 [AsyncResolver-bootstrap-executor-%d] INFO  c.n.d.s.r.aws.ConfigClusterResolver - Resolving eureka endpoints via configuration
2025-02-22 21:02:24.561 [AsyncResolver-bootstrap-executor-%d] INFO  c.n.d.s.r.aws.ConfigClusterResolver - Resolving eureka endpoints via configuration
2025-02-22 21:07:24.570 [AsyncResolver-bootstrap-executor-%d] INFO  c.n.d.s.r.aws.ConfigClusterResolver - Resolving eureka endpoints via configuration
2025-02-22 21:12:24.582 [AsyncResolver-bootstrap-executor-%d] INFO  c.n.d.s.r.aws.ConfigClusterResolver - Resolving eureka endpoints via configuration
2025-02-22 21:17:24.589 [AsyncResolver-bootstrap-executor-%d] INFO  c.n.d.s.r.aws.ConfigClusterResolver - Resolving eureka endpoints via configuration
2025-02-22 21:22:24.600 [AsyncResolver-bootstrap-executor-%d] INFO  c.n.d.s.r.aws.ConfigClusterResolver - Resolving eureka endpoints via configuration
2025-02-22 21:26:46.769 [background-preinit] INFO  o.h.validator.internal.util.Version - HV000001: Hibernate Validator 8.0.2.Final
2025-02-22 21:26:47.318 [main] INFO  o.s.c.c.c.ConfigServicePropertySourceLocator - Fetching config from server at : http://localhost:9001
2025-02-22 21:26:49.732 [main] INFO  o.s.c.c.c.ConfigServicePropertySourceLocator - Located environment: name=bt-ms-products, profiles=[dev], label=null, version=e374c450d24cd57145ec56f3d3a5646d3ff91137, state=
2025-02-22 21:26:49.733 [main] INFO  o.s.c.b.c.PropertySourceBootstrapConfiguration - Located property source: [BootstrapPropertySource {name='bootstrapProperties-configClient'}, BootstrapPropertySource {name='bootstrapProperties-https://github.com/AldoSBou/BootcampConfigServerFiles/bt-ms-products-dev.yml'}]
2025-02-22 21:26:49.743 [main] INFO  c.b.msproducts.MsProductsApplication - No active profile set, falling back to 1 default profile: "default"
2025-02-22 21:26:50.063 [main] INFO  o.s.d.r.c.RepositoryConfigurationDelegate - Bootstrapping Spring Data Reactive MongoDB repositories in DEFAULT mode.
2025-02-22 21:26:50.159 [main] INFO  o.s.d.r.c.RepositoryConfigurationDelegate - Finished Spring Data repository scanning in 90 ms. Found 3 Reactive MongoDB repository interfaces.
2025-02-22 21:26:50.314 [main] INFO  o.s.cloud.context.scope.GenericScope - BeanFactory id=ebce7ea1-c5c0-3ebf-87fb-da101df86073
2025-02-22 21:26:51.040 [main] INFO  org.mongodb.driver.client - MongoClient with metadata {"driver": {"name": "mongo-java-driver|reactive-streams|spring-boot", "version": "5.2.1"}, "os": {"type": "Windows", "name": "Windows 10", "architecture": "amd64", "version": "10.0"}, "platform": "Java/Oracle Corporation/17.0.12+8-LTS-286"} created with settings MongoClientSettings{readPreference=primary, writeConcern=WriteConcern{w=null, wTimeout=null ms, journal=null}, retryWrites=true, retryReads=true, readConcern=ReadConcern{level=null}, credential=null, transportSettings=NettyTransportSettings{eventLoopGroup=io.netty.channel.nio.NioEventLoopGroup@165d1d54, socketChannelClass=null, allocator=null, sslContext=null}, commandListeners=[], codecRegistry=ProvidersCodecRegistry{codecProviders=[ValueCodecProvider{}, BsonValueCodecProvider{}, DBRefCodecProvider{}, DBObjectCodecProvider{}, DocumentCodecProvider{}, CollectionCodecProvider{}, IterableCodecProvider{}, MapCodecProvider{}, GeoJsonCodecProvider{}, GridFSFileCodecProvider{}, Jsr310CodecProvider{}, JsonObjectCodecProvider{}, BsonCodecProvider{}, EnumCodecProvider{}, com.mongodb.client.model.mql.ExpressionCodecProvider@4be12f6c, com.mongodb.Jep395RecordCodecProvider@52cb52bd, com.mongodb.KotlinCodecProvider@1d1c37d5]}, loggerSettings=LoggerSettings{maxDocumentLength=1000}, clusterSettings={hosts=[localhost:27017], srvServiceName=mongodb, mode=SINGLE, requiredClusterType=UNKNOWN, requiredReplicaSetName='null', serverSelector='null', clusterListeners='[]', serverSelectionTimeout='30000 ms', localThreshold='15 ms'}, socketSettings=SocketSettings{connectTimeoutMS=10000, readTimeoutMS=0, receiveBufferSize=0, proxySettings=ProxySettings{host=null, port=null, username=null, password=null}}, heartbeatSocketSettings=SocketSettings{connectTimeoutMS=10000, readTimeoutMS=10000, receiveBufferSize=0, proxySettings=ProxySettings{host=null, port=null, username=null, password=null}}, connectionPoolSettings=ConnectionPoolSettings{maxSize=100, minSize=0, maxWaitTimeMS=120000, maxConnectionLifeTimeMS=0, maxConnectionIdleTimeMS=0, maintenanceInitialDelayMS=0, maintenanceFrequencyMS=60000, connectionPoolListeners=[], maxConnecting=2}, serverSettings=ServerSettings{heartbeatFrequencyMS=10000, minHeartbeatFrequencyMS=500, serverMonitoringMode=AUTO, serverListeners='[]', serverMonitorListeners='[]'}, sslSettings=SslSettings{enabled=false, invalidHostNameAllowed=false, context=null}, applicationName='null', compressorList=[], uuidRepresentation=JAVA_LEGACY, serverApi=null, autoEncryptionSettings=null, dnsClient=null, inetAddressResolver=null, contextProvider=null, timeoutMS=null}
2025-02-22 21:26:51.164 [cluster-ClusterId{value='67ba876ac9ff581b0f4b44f5', description='null'}-localhost:27017] INFO  org.mongodb.driver.cluster - Monitor thread successfully connected to server with description ServerDescription{address=localhost:27017, type=STANDALONE, cryptd=false, state=CONNECTED, ok=true, minWireVersion=0, maxWireVersion=25, maxDocumentSize=16777216, logicalSessionTimeoutMinutes=30, roundTripTimeNanos=43827500, minRoundTripTimeNanos=0}
2025-02-22 21:26:51.344 [main] WARN  o.s.b.w.r.c.AnnotationConfigReactiveWebServerApplicationContext - Exception encountered during context initialization - cancelling refresh attempt: org.springframework.beans.factory.BeanCreationException: Error creating bean with name 'IGenericRepository' defined in com.bootcamp.msproducts.repository.IGenericRepository defined in @EnableReactiveMongoRepositories declared on MongoReactiveRepositoriesRegistrar.EnableReactiveMongoRepositoriesConfiguration: Couldn't find PersistentEntity for type class java.lang.Object
2025-02-22 21:26:53.441 [main] INFO  o.s.b.a.l.ConditionEvaluationReportLogger - 

Error starting ApplicationContext. To display the condition evaluation report re-run your application with 'debug' enabled.
2025-02-22 21:26:53.472 [main] ERROR o.s.boot.SpringApplication - Application run failed
org.springframework.beans.factory.BeanCreationException: Error creating bean with name 'IGenericRepository' defined in com.bootcamp.msproducts.repository.IGenericRepository defined in @EnableReactiveMongoRepositories declared on MongoReactiveRepositoriesRegistrar.EnableReactiveMongoRepositoriesConfiguration: Couldn't find PersistentEntity for type class java.lang.Object
	at org.springframework.beans.factory.support.AbstractAutowireCapableBeanFactory.initializeBean(AbstractAutowireCapableBeanFactory.java:1812)
	at org.springframework.beans.factory.support.AbstractAutowireCapableBeanFactory.doCreateBean(AbstractAutowireCapableBeanFactory.java:601)
	at org.springframework.beans.factory.support.AbstractAutowireCapableBeanFactory.createBean(AbstractAutowireCapableBeanFactory.java:523)
	at org.springframework.beans.factory.support.AbstractBeanFactory.lambda$doGetBean$0(AbstractBeanFactory.java:336)
	at org.springframework.beans.factory.support.DefaultSingletonBeanRegistry.getSingleton(DefaultSingletonBeanRegistry.java:307)
	at org.springframework.beans.factory.support.AbstractBeanFactory.doGetBean(AbstractBeanFactory.java:334)
	at org.springframework.beans.factory.support.AbstractBeanFactory.getBean(AbstractBeanFactory.java:199)
	at org.springframework.beans.factory.support.DefaultListableBeanFactory.instantiateSingleton(DefaultListableBeanFactory.java:1116)
	at org.springframework.beans.factory.support.DefaultListableBeanFactory.preInstantiateSingleton(DefaultListableBeanFactory.java:1093)
	at org.springframework.beans.factory.support.DefaultListableBeanFactory.preInstantiateSingletons(DefaultListableBeanFactory.java:1030)
	at org.springframework.context.support.AbstractApplicationContext.finishBeanFactoryInitialization(AbstractApplicationContext.java:987)
	at org.springframework.context.support.AbstractApplicationContext.refresh(AbstractApplicationContext.java:627)
	at org.springframework.boot.web.reactive.context.ReactiveWebServerApplicationContext.refresh(ReactiveWebServerApplicationContext.java:66)
	at org.springframework.boot.SpringApplication.refresh(SpringApplication.java:752)
	at org.springframework.boot.SpringApplication.refreshContext(SpringApplication.java:439)
	at org.springframework.boot.SpringApplication.run(SpringApplication.java:318)
	at org.springframework.boot.SpringApplication.run(SpringApplication.java:1361)
	at org.springframework.boot.SpringApplication.run(SpringApplication.java:1350)
	at com.bootcamp.msproducts.MsProductsApplication.main(MsProductsApplication.java:10)
Caused by: org.springframework.data.mapping.MappingException: Couldn't find PersistentEntity for type class java.lang.Object
	at org.springframework.data.mapping.context.MappingContext.getRequiredPersistentEntity(MappingContext.java:80)
	at org.springframework.data.mongodb.repository.support.ReactiveMongoRepositoryFactory.getEntityInformation(ReactiveMongoRepositoryFactory.java:149)
	at org.springframework.data.mongodb.repository.support.ReactiveMongoRepositoryFactory.getTargetRepository(ReactiveMongoRepositoryFactory.java:124)
	at org.springframework.data.repository.core.support.RepositoryFactorySupport.getRepository(RepositoryFactorySupport.java:386)
	at org.springframework.data.repository.core.support.RepositoryFactoryBeanSupport.lambda$afterPropertiesSet$4(RepositoryFactoryBeanSupport.java:350)
	at org.springframework.data.util.Lazy.getNullable(Lazy.java:135)
	at org.springframework.data.util.Lazy.get(Lazy.java:113)
	at org.springframework.data.repository.core.support.RepositoryFactoryBeanSupport.afterPropertiesSet(RepositoryFactoryBeanSupport.java:356)
	at org.springframework.data.mongodb.repository.support.ReactiveMongoRepositoryFactoryBean.afterPropertiesSet(ReactiveMongoRepositoryFactoryBean.java:116)
	at org.springframework.beans.factory.support.AbstractAutowireCapableBeanFactory.invokeInitMethods(AbstractAutowireCapableBeanFactory.java:1859)
	at org.springframework.beans.factory.support.AbstractAutowireCapableBeanFactory.initializeBean(AbstractAutowireCapableBeanFactory.java:1808)
	... 18 common frames omitted
2025-02-22 21:27:24.602 [AsyncResolver-bootstrap-executor-%d] INFO  c.n.d.s.r.aws.ConfigClusterResolver - Resolving eureka endpoints via configuration
2025-02-22 21:27:29.680 [background-preinit] INFO  o.h.validator.internal.util.Version - HV000001: Hibernate Validator 8.0.2.Final
2025-02-22 21:27:30.252 [main] INFO  o.s.c.c.c.ConfigServicePropertySourceLocator - Fetching config from server at : http://localhost:9001
2025-02-22 21:27:32.580 [main] INFO  o.s.c.c.c.ConfigServicePropertySourceLocator - Located environment: name=bt-ms-products, profiles=[dev], label=null, version=e374c450d24cd57145ec56f3d3a5646d3ff91137, state=
2025-02-22 21:27:32.581 [main] INFO  o.s.c.b.c.PropertySourceBootstrapConfiguration - Located property source: [BootstrapPropertySource {name='bootstrapProperties-configClient'}, BootstrapPropertySource {name='bootstrapProperties-https://github.com/AldoSBou/BootcampConfigServerFiles/bt-ms-products-dev.yml'}]
2025-02-22 21:27:32.584 [main] INFO  c.b.msproducts.MsProductsApplication - No active profile set, falling back to 1 default profile: "default"
2025-02-22 21:27:32.852 [main] INFO  o.s.d.r.c.RepositoryConfigurationDelegate - Bootstrapping Spring Data Reactive MongoDB repositories in DEFAULT mode.
2025-02-22 21:27:32.940 [main] INFO  o.s.d.r.c.RepositoryConfigurationDelegate - Finished Spring Data repository scanning in 82 ms. Found 2 Reactive MongoDB repository interfaces.
2025-02-22 21:27:33.086 [main] INFO  o.s.cloud.context.scope.GenericScope - BeanFactory id=78a02f3e-e106-3ed6-9b5c-12ed14c39031
2025-02-22 21:27:33.799 [main] INFO  org.mongodb.driver.client - MongoClient with metadata {"driver": {"name": "mongo-java-driver|reactive-streams|spring-boot", "version": "5.2.1"}, "os": {"type": "Windows", "name": "Windows 10", "architecture": "amd64", "version": "10.0"}, "platform": "Java/Oracle Corporation/17.0.12+8-LTS-286"} created with settings MongoClientSettings{readPreference=primary, writeConcern=WriteConcern{w=null, wTimeout=null ms, journal=null}, retryWrites=true, retryReads=true, readConcern=ReadConcern{level=null}, credential=null, transportSettings=NettyTransportSettings{eventLoopGroup=io.netty.channel.nio.NioEventLoopGroup@16e07bae, socketChannelClass=null, allocator=null, sslContext=null}, commandListeners=[], codecRegistry=ProvidersCodecRegistry{codecProviders=[ValueCodecProvider{}, BsonValueCodecProvider{}, DBRefCodecProvider{}, DBObjectCodecProvider{}, DocumentCodecProvider{}, CollectionCodecProvider{}, IterableCodecProvider{}, MapCodecProvider{}, GeoJsonCodecProvider{}, GridFSFileCodecProvider{}, Jsr310CodecProvider{}, JsonObjectCodecProvider{}, BsonCodecProvider{}, EnumCodecProvider{}, com.mongodb.client.model.mql.ExpressionCodecProvider@598778cc, com.mongodb.Jep395RecordCodecProvider@3386ed8, com.mongodb.KotlinCodecProvider@727453a3]}, loggerSettings=LoggerSettings{maxDocumentLength=1000}, clusterSettings={hosts=[localhost:27017], srvServiceName=mongodb, mode=SINGLE, requiredClusterType=UNKNOWN, requiredReplicaSetName='null', serverSelector='null', clusterListeners='[]', serverSelectionTimeout='30000 ms', localThreshold='15 ms'}, socketSettings=SocketSettings{connectTimeoutMS=10000, readTimeoutMS=0, receiveBufferSize=0, proxySettings=ProxySettings{host=null, port=null, username=null, password=null}}, heartbeatSocketSettings=SocketSettings{connectTimeoutMS=10000, readTimeoutMS=10000, receiveBufferSize=0, proxySettings=ProxySettings{host=null, port=null, username=null, password=null}}, connectionPoolSettings=ConnectionPoolSettings{maxSize=100, minSize=0, maxWaitTimeMS=120000, maxConnectionLifeTimeMS=0, maxConnectionIdleTimeMS=0, maintenanceInitialDelayMS=0, maintenanceFrequencyMS=60000, connectionPoolListeners=[], maxConnecting=2}, serverSettings=ServerSettings{heartbeatFrequencyMS=10000, minHeartbeatFrequencyMS=500, serverMonitoringMode=AUTO, serverListeners='[]', serverMonitorListeners='[]'}, sslSettings=SslSettings{enabled=false, invalidHostNameAllowed=false, context=null}, applicationName='null', compressorList=[], uuidRepresentation=JAVA_LEGACY, serverApi=null, autoEncryptionSettings=null, dnsClient=null, inetAddressResolver=null, contextProvider=null, timeoutMS=null}
2025-02-22 21:27:33.920 [cluster-ClusterId{value='67ba8795b8953950acbeefb0', description='null'}-localhost:27017] INFO  org.mongodb.driver.cluster - Monitor thread successfully connected to server with description ServerDescription{address=localhost:27017, type=STANDALONE, cryptd=false, state=CONNECTED, ok=true, minWireVersion=0, maxWireVersion=25, maxDocumentSize=16777216, logicalSessionTimeoutMinutes=30, roundTripTimeNanos=39785300, minRoundTripTimeNanos=0}
2025-02-22 21:27:34.337 [main] INFO  o.s.c.n.e.c.DiscoveryClientOptionalArgsConfiguration - Eureka HTTP Client uses RestTemplate.
2025-02-22 21:27:34.540 [main] WARN  o.s.c.l.c.LoadBalancerCacheAutoConfiguration$LoadBalancerCaffeineWarnLogger - Spring Cloud LoadBalancer is currently working with the default cache. While this cache implementation is useful for development and tests, it's recommended to use Caffeine cache in production.You can switch to using Caffeine cache, by adding it and org.springframework.cache.caffeine.CaffeineCacheManager to the classpath.
2025-02-22 21:27:34.595 [main] INFO  o.s.c.n.eureka.InstanceInfoFactory - Setting initial instance status as: STARTING
2025-02-22 21:27:34.608 [main] INFO  c.netflix.discovery.DiscoveryClient - Initializing Eureka in region us-east-1
2025-02-22 21:27:34.611 [main] INFO  c.n.d.s.r.aws.ConfigClusterResolver - Resolving eureka endpoints via configuration
2025-02-22 21:27:34.617 [main] INFO  c.netflix.discovery.DiscoveryClient - Disable delta property : false
2025-02-22 21:27:34.617 [main] INFO  c.netflix.discovery.DiscoveryClient - Single vip registry refresh property : null
2025-02-22 21:27:34.618 [main] INFO  c.netflix.discovery.DiscoveryClient - Force full registry fetch : false
2025-02-22 21:27:34.618 [main] INFO  c.netflix.discovery.DiscoveryClient - Application is null : false
2025-02-22 21:27:34.618 [main] INFO  c.netflix.discovery.DiscoveryClient - Registered Applications size is zero : true
2025-02-22 21:27:34.618 [main] INFO  c.netflix.discovery.DiscoveryClient - Application version is -1: true
2025-02-22 21:27:34.618 [main] INFO  c.netflix.discovery.DiscoveryClient - Getting all instance registry info from the eureka server
2025-02-22 21:27:34.803 [main] INFO  c.netflix.discovery.DiscoveryClient - The response status is 200
2025-02-22 21:27:34.807 [main] INFO  c.netflix.discovery.DiscoveryClient - Starting heartbeat executor: renew interval is: 30
2025-02-22 21:27:34.809 [main] INFO  c.n.discovery.InstanceInfoReplicator - InstanceInfoReplicator onDemand update allowed rate per min is 4
2025-02-22 21:27:34.811 [main] INFO  c.netflix.discovery.DiscoveryClient - Discovery Client initialized at timestamp 1740277654810 with initial instances count: 2
2025-02-22 21:27:34.813 [main] INFO  o.s.c.n.e.s.EurekaServiceRegistry - Registering application BT-MS-PRODUCTS with eureka with status UP
2025-02-22 21:27:34.814 [main] INFO  c.netflix.discovery.DiscoveryClient - Saw local status change event StatusChangeEvent [timestamp=1740277654814, current=UP, previous=STARTING]
2025-02-22 21:27:34.815 [DiscoveryClient-InstanceInfoReplicator-%d] INFO  c.netflix.discovery.DiscoveryClient - DiscoveryClient_BT-MS-PRODUCTS/NTTD-1MYJR54.mshome.net:bt-ms-products:8083: registering service...
2025-02-22 21:27:34.849 [DiscoveryClient-InstanceInfoReplicator-%d] INFO  c.netflix.discovery.DiscoveryClient - DiscoveryClient_BT-MS-PRODUCTS/NTTD-1MYJR54.mshome.net:bt-ms-products:8083 - registration status: 204
2025-02-22 21:27:34.868 [main] INFO  o.s.b.w.e.netty.NettyWebServer - Netty started on port 8083 (http)
2025-02-22 21:27:34.870 [main] INFO  o.s.c.n.e.s.EurekaAutoServiceRegistration - Updating port to 8083
2025-02-22 21:27:35.237 [main] INFO  c.b.msproducts.MsProductsApplication - Started MsProductsApplication in 6.084 seconds (process running for 6.861)
2025-02-22 21:32:24.607 [AsyncResolver-bootstrap-executor-%d] INFO  c.n.d.s.r.aws.ConfigClusterResolver - Resolving eureka endpoints via configuration
2025-02-22 21:32:34.624 [AsyncResolver-bootstrap-executor-%d] INFO  c.n.d.s.r.aws.ConfigClusterResolver - Resolving eureka endpoints via configuration
2025-02-22 21:35:47.677 [SpringApplicationShutdownHook] INFO  o.s.c.n.e.s.EurekaServiceRegistry - Unregistering application BT-MS-PRODUCTS with eureka with status DOWN
2025-02-22 21:35:47.677 [SpringApplicationShutdownHook] INFO  c.netflix.discovery.DiscoveryClient - Saw local status change event StatusChangeEvent [timestamp=1740278147677, current=DOWN, previous=UP]
2025-02-22 21:35:47.677 [DiscoveryClient-InstanceInfoReplicator-%d] INFO  c.netflix.discovery.DiscoveryClient - DiscoveryClient_BT-MS-PRODUCTS/NTTD-1MYJR54.mshome.net:bt-ms-products:8083: registering service...
2025-02-22 21:35:47.679 [SpringApplicationShutdownHook] INFO  o.s.b.w.e.netty.GracefulShutdown - Commencing graceful shutdown. Waiting for active requests to complete
2025-02-22 21:35:47.682 [netty-shutdown] INFO  o.s.b.w.e.netty.GracefulShutdown - Graceful shutdown complete
2025-02-22 21:35:47.692 [DiscoveryClient-InstanceInfoReplicator-%d] INFO  c.netflix.discovery.DiscoveryClient - DiscoveryClient_BT-MS-PRODUCTS/NTTD-1MYJR54.mshome.net:bt-ms-products:8083 - registration status: 204
2025-02-22 21:35:52.169 [background-preinit] INFO  o.h.validator.internal.util.Version - HV000001: Hibernate Validator 8.0.2.Final
2025-02-22 21:35:52.699 [main] INFO  o.s.c.c.c.ConfigServicePropertySourceLocator - Fetching config from server at : http://localhost:9001
2025-02-22 21:35:54.498 [main] INFO  o.s.c.c.c.ConfigServicePropertySourceLocator - Located environment: name=bt-ms-products, profiles=[dev], label=null, version=e374c450d24cd57145ec56f3d3a5646d3ff91137, state=
2025-02-22 21:35:54.499 [main] INFO  o.s.c.b.c.PropertySourceBootstrapConfiguration - Located property source: [BootstrapPropertySource {name='bootstrapProperties-configClient'}, BootstrapPropertySource {name='bootstrapProperties-https://github.com/AldoSBou/BootcampConfigServerFiles/bt-ms-products-dev.yml'}]
2025-02-22 21:35:54.503 [main] INFO  c.b.msproducts.MsProductsApplication - No active profile set, falling back to 1 default profile: "default"
2025-02-22 21:35:54.775 [main] INFO  o.s.d.r.c.RepositoryConfigurationDelegate - Bootstrapping Spring Data Reactive MongoDB repositories in DEFAULT mode.
2025-02-22 21:35:54.880 [main] INFO  o.s.d.r.c.RepositoryConfigurationDelegate - Finished Spring Data repository scanning in 100 ms. Found 2 Reactive MongoDB repository interfaces.
2025-02-22 21:35:55.039 [main] INFO  o.s.cloud.context.scope.GenericScope - BeanFactory id=78a02f3e-e106-3ed6-9b5c-12ed14c39031
2025-02-22 21:35:55.821 [main] INFO  org.mongodb.driver.client - MongoClient with metadata {"driver": {"name": "mongo-java-driver|reactive-streams|spring-boot", "version": "5.2.1"}, "os": {"type": "Windows", "name": "Windows 10", "architecture": "amd64", "version": "10.0"}, "platform": "Java/Oracle Corporation/17.0.12+8-LTS-286"} created with settings MongoClientSettings{readPreference=primary, writeConcern=WriteConcern{w=null, wTimeout=null ms, journal=null}, retryWrites=true, retryReads=true, readConcern=ReadConcern{level=null}, credential=null, transportSettings=NettyTransportSettings{eventLoopGroup=io.netty.channel.nio.NioEventLoopGroup@62de73eb, socketChannelClass=null, allocator=null, sslContext=null}, commandListeners=[], codecRegistry=ProvidersCodecRegistry{codecProviders=[ValueCodecProvider{}, BsonValueCodecProvider{}, DBRefCodecProvider{}, DBObjectCodecProvider{}, DocumentCodecProvider{}, CollectionCodecProvider{}, IterableCodecProvider{}, MapCodecProvider{}, GeoJsonCodecProvider{}, GridFSFileCodecProvider{}, Jsr310CodecProvider{}, JsonObjectCodecProvider{}, BsonCodecProvider{}, EnumCodecProvider{}, com.mongodb.client.model.mql.ExpressionCodecProvider@97b5e6a, com.mongodb.Jep395RecordCodecProvider@29f95272, com.mongodb.KotlinCodecProvider@c754401]}, loggerSettings=LoggerSettings{maxDocumentLength=1000}, clusterSettings={hosts=[localhost:27017], srvServiceName=mongodb, mode=SINGLE, requiredClusterType=UNKNOWN, requiredReplicaSetName='null', serverSelector='null', clusterListeners='[]', serverSelectionTimeout='30000 ms', localThreshold='15 ms'}, socketSettings=SocketSettings{connectTimeoutMS=10000, readTimeoutMS=0, receiveBufferSize=0, proxySettings=ProxySettings{host=null, port=null, username=null, password=null}}, heartbeatSocketSettings=SocketSettings{connectTimeoutMS=10000, readTimeoutMS=10000, receiveBufferSize=0, proxySettings=ProxySettings{host=null, port=null, username=null, password=null}}, connectionPoolSettings=ConnectionPoolSettings{maxSize=100, minSize=0, maxWaitTimeMS=120000, maxConnectionLifeTimeMS=0, maxConnectionIdleTimeMS=0, maintenanceInitialDelayMS=0, maintenanceFrequencyMS=60000, connectionPoolListeners=[], maxConnecting=2}, serverSettings=ServerSettings{heartbeatFrequencyMS=10000, minHeartbeatFrequencyMS=500, serverMonitoringMode=AUTO, serverListeners='[]', serverMonitorListeners='[]'}, sslSettings=SslSettings{enabled=false, invalidHostNameAllowed=false, context=null}, applicationName='null', compressorList=[], uuidRepresentation=JAVA_LEGACY, serverApi=null, autoEncryptionSettings=null, dnsClient=null, inetAddressResolver=null, contextProvider=null, timeoutMS=null}
2025-02-22 21:35:55.935 [cluster-ClusterId{value='67ba898b5364547b6aa21d1d', description='null'}-localhost:27017] INFO  org.mongodb.driver.cluster - Monitor thread successfully connected to server with description ServerDescription{address=localhost:27017, type=STANDALONE, cryptd=false, state=CONNECTED, ok=true, minWireVersion=0, maxWireVersion=25, maxDocumentSize=16777216, logicalSessionTimeoutMinutes=30, roundTripTimeNanos=36408600, minRoundTripTimeNanos=0}
2025-02-22 21:35:56.347 [main] INFO  o.s.c.n.e.c.DiscoveryClientOptionalArgsConfiguration - Eureka HTTP Client uses RestTemplate.
2025-02-22 21:35:56.577 [main] WARN  o.s.c.l.c.LoadBalancerCacheAutoConfiguration$LoadBalancerCaffeineWarnLogger - Spring Cloud LoadBalancer is currently working with the default cache. While this cache implementation is useful for development and tests, it's recommended to use Caffeine cache in production.You can switch to using Caffeine cache, by adding it and org.springframework.cache.caffeine.CaffeineCacheManager to the classpath.
2025-02-22 21:35:56.632 [main] INFO  o.s.c.n.eureka.InstanceInfoFactory - Setting initial instance status as: STARTING
2025-02-22 21:35:56.660 [main] INFO  c.netflix.discovery.DiscoveryClient - Initializing Eureka in region us-east-1
2025-02-22 21:35:56.663 [main] INFO  c.n.d.s.r.aws.ConfigClusterResolver - Resolving eureka endpoints via configuration
2025-02-22 21:35:56.670 [main] INFO  c.netflix.discovery.DiscoveryClient - Disable delta property : false
2025-02-22 21:35:56.670 [main] INFO  c.netflix.discovery.DiscoveryClient - Single vip registry refresh property : null
2025-02-22 21:35:56.670 [main] INFO  c.netflix.discovery.DiscoveryClient - Force full registry fetch : false
2025-02-22 21:35:56.670 [main] INFO  c.netflix.discovery.DiscoveryClient - Application is null : false
2025-02-22 21:35:56.670 [main] INFO  c.netflix.discovery.DiscoveryClient - Registered Applications size is zero : true
2025-02-22 21:35:56.670 [main] INFO  c.netflix.discovery.DiscoveryClient - Application version is -1: true
2025-02-22 21:35:56.670 [main] INFO  c.netflix.discovery.DiscoveryClient - Getting all instance registry info from the eureka server
2025-02-22 21:35:56.868 [main] INFO  c.netflix.discovery.DiscoveryClient - The response status is 200
2025-02-22 21:35:56.870 [main] INFO  c.netflix.discovery.DiscoveryClient - Starting heartbeat executor: renew interval is: 30
2025-02-22 21:35:56.872 [main] INFO  c.n.discovery.InstanceInfoReplicator - InstanceInfoReplicator onDemand update allowed rate per min is 4
2025-02-22 21:35:56.873 [main] INFO  c.netflix.discovery.DiscoveryClient - Discovery Client initialized at timestamp 1740278156873 with initial instances count: 3
2025-02-22 21:35:56.877 [main] INFO  o.s.c.n.e.s.EurekaServiceRegistry - Registering application BT-MS-PRODUCTS with eureka with status UP
2025-02-22 21:35:56.877 [main] INFO  c.netflix.discovery.DiscoveryClient - Saw local status change event StatusChangeEvent [timestamp=1740278156877, current=UP, previous=STARTING]
2025-02-22 21:35:56.878 [DiscoveryClient-InstanceInfoReplicator-%d] INFO  c.netflix.discovery.DiscoveryClient - DiscoveryClient_BT-MS-PRODUCTS/NTTD-1MYJR54.mshome.net:bt-ms-products:8083: registering service...
2025-02-22 21:35:56.909 [DiscoveryClient-InstanceInfoReplicator-%d] INFO  c.netflix.discovery.DiscoveryClient - DiscoveryClient_BT-MS-PRODUCTS/NTTD-1MYJR54.mshome.net:bt-ms-products:8083 - registration status: 204
2025-02-22 21:35:56.935 [main] INFO  o.s.b.w.e.netty.NettyWebServer - Netty started on port 8083 (http)
2025-02-22 21:35:56.936 [main] INFO  o.s.c.n.e.s.EurekaAutoServiceRegistration - Updating port to 8083
2025-02-22 21:35:57.292 [main] INFO  c.b.msproducts.MsProductsApplication - Started MsProductsApplication in 5.653 seconds (process running for 6.591)
2025-02-22 21:37:24.616 [AsyncResolver-bootstrap-executor-%d] INFO  c.n.d.s.r.aws.ConfigClusterResolver - Resolving eureka endpoints via configuration
2025-02-22 21:38:19.773 [SpringApplicationShutdownHook] INFO  o.s.c.n.e.s.EurekaServiceRegistry - Unregistering application BT-MS-PRODUCTS with eureka with status DOWN
2025-02-22 21:38:19.773 [SpringApplicationShutdownHook] INFO  c.netflix.discovery.DiscoveryClient - Saw local status change event StatusChangeEvent [timestamp=1740278299773, current=DOWN, previous=UP]
2025-02-22 21:38:19.774 [DiscoveryClient-InstanceInfoReplicator-%d] INFO  c.netflix.discovery.DiscoveryClient - DiscoveryClient_BT-MS-PRODUCTS/NTTD-1MYJR54.mshome.net:bt-ms-products:8083: registering service...
2025-02-22 21:38:19.776 [SpringApplicationShutdownHook] INFO  o.s.b.w.e.netty.GracefulShutdown - Commencing graceful shutdown. Waiting for active requests to complete
2025-02-22 21:38:19.778 [netty-shutdown] INFO  o.s.b.w.e.netty.GracefulShutdown - Graceful shutdown complete
2025-02-22 21:38:19.793 [DiscoveryClient-InstanceInfoReplicator-%d] INFO  c.netflix.discovery.DiscoveryClient - DiscoveryClient_BT-MS-PRODUCTS/NTTD-1MYJR54.mshome.net:bt-ms-products:8083 - registration status: 204
2025-02-22 21:38:24.706 [background-preinit] INFO  o.h.validator.internal.util.Version - HV000001: Hibernate Validator 8.0.2.Final
2025-02-22 21:38:25.210 [main] INFO  o.s.c.c.c.ConfigServicePropertySourceLocator - Fetching config from server at : http://localhost:9001
2025-02-22 21:38:27.569 [main] INFO  o.s.c.c.c.ConfigServicePropertySourceLocator - Located environment: name=bt-ms-products, profiles=[dev], label=null, version=e374c450d24cd57145ec56f3d3a5646d3ff91137, state=
2025-02-22 21:38:27.570 [main] INFO  o.s.c.b.c.PropertySourceBootstrapConfiguration - Located property source: [BootstrapPropertySource {name='bootstrapProperties-configClient'}, BootstrapPropertySource {name='bootstrapProperties-https://github.com/AldoSBou/BootcampConfigServerFiles/bt-ms-products-dev.yml'}]
2025-02-22 21:38:27.575 [main] INFO  c.b.msproducts.MsProductsApplication - No active profile set, falling back to 1 default profile: "default"
2025-02-22 21:38:27.840 [main] INFO  o.s.d.r.c.RepositoryConfigurationDelegate - Bootstrapping Spring Data Reactive MongoDB repositories in DEFAULT mode.
2025-02-22 21:38:27.936 [main] INFO  o.s.d.r.c.RepositoryConfigurationDelegate - Finished Spring Data repository scanning in 90 ms. Found 2 Reactive MongoDB repository interfaces.
2025-02-22 21:38:28.073 [main] INFO  o.s.cloud.context.scope.GenericScope - BeanFactory id=78a02f3e-e106-3ed6-9b5c-12ed14c39031
2025-02-22 21:38:28.805 [main] INFO  org.mongodb.driver.client - MongoClient with metadata {"driver": {"name": "mongo-java-driver|reactive-streams|spring-boot", "version": "5.2.1"}, "os": {"type": "Windows", "name": "Windows 10", "architecture": "amd64", "version": "10.0"}, "platform": "Java/Oracle Corporation/17.0.12+8-LTS-286"} created with settings MongoClientSettings{readPreference=primary, writeConcern=WriteConcern{w=null, wTimeout=null ms, journal=null}, retryWrites=true, retryReads=true, readConcern=ReadConcern{level=null}, credential=null, transportSettings=NettyTransportSettings{eventLoopGroup=io.netty.channel.nio.NioEventLoopGroup@62de73eb, socketChannelClass=null, allocator=null, sslContext=null}, commandListeners=[], codecRegistry=ProvidersCodecRegistry{codecProviders=[ValueCodecProvider{}, BsonValueCodecProvider{}, DBRefCodecProvider{}, DBObjectCodecProvider{}, DocumentCodecProvider{}, CollectionCodecProvider{}, IterableCodecProvider{}, MapCodecProvider{}, GeoJsonCodecProvider{}, GridFSFileCodecProvider{}, Jsr310CodecProvider{}, JsonObjectCodecProvider{}, BsonCodecProvider{}, EnumCodecProvider{}, com.mongodb.client.model.mql.ExpressionCodecProvider@97b5e6a, com.mongodb.Jep395RecordCodecProvider@29f95272, com.mongodb.KotlinCodecProvider@c754401]}, loggerSettings=LoggerSettings{maxDocumentLength=1000}, clusterSettings={hosts=[localhost:27017], srvServiceName=mongodb, mode=SINGLE, requiredClusterType=UNKNOWN, requiredReplicaSetName='null', serverSelector='null', clusterListeners='[]', serverSelectionTimeout='30000 ms', localThreshold='15 ms'}, socketSettings=SocketSettings{connectTimeoutMS=10000, readTimeoutMS=0, receiveBufferSize=0, proxySettings=ProxySettings{host=null, port=null, username=null, password=null}}, heartbeatSocketSettings=SocketSettings{connectTimeoutMS=10000, readTimeoutMS=10000, receiveBufferSize=0, proxySettings=ProxySettings{host=null, port=null, username=null, password=null}}, connectionPoolSettings=ConnectionPoolSettings{maxSize=100, minSize=0, maxWaitTimeMS=120000, maxConnectionLifeTimeMS=0, maxConnectionIdleTimeMS=0, maintenanceInitialDelayMS=0, maintenanceFrequencyMS=60000, connectionPoolListeners=[], maxConnecting=2}, serverSettings=ServerSettings{heartbeatFrequencyMS=10000, minHeartbeatFrequencyMS=500, serverMonitoringMode=AUTO, serverListeners='[]', serverMonitorListeners='[]'}, sslSettings=SslSettings{enabled=false, invalidHostNameAllowed=false, context=null}, applicationName='null', compressorList=[], uuidRepresentation=JAVA_LEGACY, serverApi=null, autoEncryptionSettings=null, dnsClient=null, inetAddressResolver=null, contextProvider=null, timeoutMS=null}
2025-02-22 21:38:28.927 [cluster-ClusterId{value='67ba8a242a27087aeebea393', description='null'}-localhost:27017] INFO  org.mongodb.driver.cluster - Monitor thread successfully connected to server with description ServerDescription{address=localhost:27017, type=STANDALONE, cryptd=false, state=CONNECTED, ok=true, minWireVersion=0, maxWireVersion=25, maxDocumentSize=16777216, logicalSessionTimeoutMinutes=30, roundTripTimeNanos=39839900, minRoundTripTimeNanos=0}
2025-02-22 21:38:29.348 [main] INFO  o.s.c.n.e.c.DiscoveryClientOptionalArgsConfiguration - Eureka HTTP Client uses RestTemplate.
2025-02-22 21:38:29.552 [main] WARN  o.s.c.l.c.LoadBalancerCacheAutoConfiguration$LoadBalancerCaffeineWarnLogger - Spring Cloud LoadBalancer is currently working with the default cache. While this cache implementation is useful for development and tests, it's recommended to use Caffeine cache in production.You can switch to using Caffeine cache, by adding it and org.springframework.cache.caffeine.CaffeineCacheManager to the classpath.
2025-02-22 21:38:29.594 [main] INFO  o.s.c.n.eureka.InstanceInfoFactory - Setting initial instance status as: STARTING
2025-02-22 21:38:29.610 [main] INFO  c.netflix.discovery.DiscoveryClient - Initializing Eureka in region us-east-1
2025-02-22 21:38:29.614 [main] INFO  c.n.d.s.r.aws.ConfigClusterResolver - Resolving eureka endpoints via configuration
2025-02-22 21:38:29.620 [main] INFO  c.netflix.discovery.DiscoveryClient - Disable delta property : false
2025-02-22 21:38:29.620 [main] INFO  c.netflix.discovery.DiscoveryClient - Single vip registry refresh property : null
2025-02-22 21:38:29.620 [main] INFO  c.netflix.discovery.DiscoveryClient - Force full registry fetch : false
2025-02-22 21:38:29.620 [main] INFO  c.netflix.discovery.DiscoveryClient - Application is null : false
2025-02-22 21:38:29.620 [main] INFO  c.netflix.discovery.DiscoveryClient - Registered Applications size is zero : true
2025-02-22 21:38:29.621 [main] INFO  c.netflix.discovery.DiscoveryClient - Application version is -1: true
2025-02-22 21:38:29.621 [main] INFO  c.netflix.discovery.DiscoveryClient - Getting all instance registry info from the eureka server
2025-02-22 21:38:29.786 [main] INFO  c.netflix.discovery.DiscoveryClient - The response status is 200
2025-02-22 21:38:29.788 [main] INFO  c.netflix.discovery.DiscoveryClient - Starting heartbeat executor: renew interval is: 30
2025-02-22 21:38:29.789 [main] INFO  c.n.discovery.InstanceInfoReplicator - InstanceInfoReplicator onDemand update allowed rate per min is 4
2025-02-22 21:38:29.791 [main] INFO  c.netflix.discovery.DiscoveryClient - Discovery Client initialized at timestamp 1740278309790 with initial instances count: 3
2025-02-22 21:38:29.794 [main] INFO  o.s.c.n.e.s.EurekaServiceRegistry - Registering application BT-MS-PRODUCTS with eureka with status UP
2025-02-22 21:38:29.794 [main] INFO  c.netflix.discovery.DiscoveryClient - Saw local status change event StatusChangeEvent [timestamp=1740278309794, current=UP, previous=STARTING]
2025-02-22 21:38:29.795 [DiscoveryClient-InstanceInfoReplicator-%d] INFO  c.netflix.discovery.DiscoveryClient - DiscoveryClient_BT-MS-PRODUCTS/NTTD-1MYJR54.mshome.net:bt-ms-products:8083: registering service...
2025-02-22 21:38:29.833 [DiscoveryClient-InstanceInfoReplicator-%d] INFO  c.netflix.discovery.DiscoveryClient - DiscoveryClient_BT-MS-PRODUCTS/NTTD-1MYJR54.mshome.net:bt-ms-products:8083 - registration status: 204
2025-02-22 21:38:29.855 [main] INFO  o.s.b.w.e.netty.NettyWebServer - Netty started on port 8083 (http)
2025-02-22 21:38:29.856 [main] INFO  o.s.c.n.e.s.EurekaAutoServiceRegistration - Updating port to 8083
2025-02-22 21:38:30.214 [main] INFO  c.b.msproducts.MsProductsApplication - Started MsProductsApplication in 6.03 seconds (process running for 6.952)
2025-02-22 21:39:53.628 [SpringApplicationShutdownHook] INFO  o.s.c.n.e.s.EurekaServiceRegistry - Unregistering application BT-MS-PRODUCTS with eureka with status DOWN
2025-02-22 21:39:53.629 [SpringApplicationShutdownHook] INFO  c.netflix.discovery.DiscoveryClient - Saw local status change event StatusChangeEvent [timestamp=1740278393629, current=DOWN, previous=UP]
2025-02-22 21:39:53.630 [DiscoveryClient-InstanceInfoReplicator-%d] INFO  c.netflix.discovery.DiscoveryClient - DiscoveryClient_BT-MS-PRODUCTS/NTTD-1MYJR54.mshome.net:bt-ms-products:8083: registering service...
2025-02-22 21:39:53.632 [SpringApplicationShutdownHook] INFO  o.s.b.w.e.netty.GracefulShutdown - Commencing graceful shutdown. Waiting for active requests to complete
2025-02-22 21:39:53.634 [netty-shutdown] INFO  o.s.b.w.e.netty.GracefulShutdown - Graceful shutdown complete
2025-02-22 21:39:53.642 [DiscoveryClient-InstanceInfoReplicator-%d] INFO  c.netflix.discovery.DiscoveryClient - DiscoveryClient_BT-MS-PRODUCTS/NTTD-1MYJR54.mshome.net:bt-ms-products:8083 - registration status: 204
2025-02-22 21:39:58.255 [background-preinit] INFO  o.h.validator.internal.util.Version - HV000001: Hibernate Validator 8.0.2.Final
2025-02-22 21:39:58.767 [main] INFO  o.s.c.c.c.ConfigServicePropertySourceLocator - Fetching config from server at : http://localhost:9001
2025-02-22 21:40:01.213 [main] INFO  o.s.c.c.c.ConfigServicePropertySourceLocator - Located environment: name=bt-ms-products, profiles=[dev], label=null, version=e374c450d24cd57145ec56f3d3a5646d3ff91137, state=
2025-02-22 21:40:01.214 [main] INFO  o.s.c.b.c.PropertySourceBootstrapConfiguration - Located property source: [BootstrapPropertySource {name='bootstrapProperties-configClient'}, BootstrapPropertySource {name='bootstrapProperties-https://github.com/AldoSBou/BootcampConfigServerFiles/bt-ms-products-dev.yml'}]
2025-02-22 21:40:01.218 [main] INFO  c.b.msproducts.MsProductsApplication - No active profile set, falling back to 1 default profile: "default"
2025-02-22 21:40:01.516 [main] INFO  o.s.d.r.c.RepositoryConfigurationDelegate - Bootstrapping Spring Data Reactive MongoDB repositories in DEFAULT mode.
2025-02-22 21:40:01.628 [main] INFO  o.s.d.r.c.RepositoryConfigurationDelegate - Finished Spring Data repository scanning in 107 ms. Found 2 Reactive MongoDB repository interfaces.
2025-02-22 21:40:01.770 [main] INFO  o.s.cloud.context.scope.GenericScope - BeanFactory id=78a02f3e-e106-3ed6-9b5c-12ed14c39031
2025-02-22 21:40:02.633 [main] INFO  org.mongodb.driver.client - MongoClient with metadata {"driver": {"name": "mongo-java-driver|reactive-streams|spring-boot", "version": "5.2.1"}, "os": {"type": "Windows", "name": "Windows 10", "architecture": "amd64", "version": "10.0"}, "platform": "Java/Oracle Corporation/17.0.12+8-LTS-286"} created with settings MongoClientSettings{readPreference=primary, writeConcern=WriteConcern{w=null, wTimeout=null ms, journal=null}, retryWrites=true, retryReads=true, readConcern=ReadConcern{level=null}, credential=null, transportSettings=NettyTransportSettings{eventLoopGroup=io.netty.channel.nio.NioEventLoopGroup@7573c7b5, socketChannelClass=null, allocator=null, sslContext=null}, commandListeners=[], codecRegistry=ProvidersCodecRegistry{codecProviders=[ValueCodecProvider{}, BsonValueCodecProvider{}, DBRefCodecProvider{}, DBObjectCodecProvider{}, DocumentCodecProvider{}, CollectionCodecProvider{}, IterableCodecProvider{}, MapCodecProvider{}, GeoJsonCodecProvider{}, GridFSFileCodecProvider{}, Jsr310CodecProvider{}, JsonObjectCodecProvider{}, BsonCodecProvider{}, EnumCodecProvider{}, com.mongodb.client.model.mql.ExpressionCodecProvider@73da7f08, com.mongodb.Jep395RecordCodecProvider@717a8a76, com.mongodb.KotlinCodecProvider@62de73eb]}, loggerSettings=LoggerSettings{maxDocumentLength=1000}, clusterSettings={hosts=[localhost:27017], srvServiceName=mongodb, mode=SINGLE, requiredClusterType=UNKNOWN, requiredReplicaSetName='null', serverSelector='null', clusterListeners='[]', serverSelectionTimeout='30000 ms', localThreshold='15 ms'}, socketSettings=SocketSettings{connectTimeoutMS=10000, readTimeoutMS=0, receiveBufferSize=0, proxySettings=ProxySettings{host=null, port=null, username=null, password=null}}, heartbeatSocketSettings=SocketSettings{connectTimeoutMS=10000, readTimeoutMS=10000, receiveBufferSize=0, proxySettings=ProxySettings{host=null, port=null, username=null, password=null}}, connectionPoolSettings=ConnectionPoolSettings{maxSize=100, minSize=0, maxWaitTimeMS=120000, maxConnectionLifeTimeMS=0, maxConnectionIdleTimeMS=0, maintenanceInitialDelayMS=0, maintenanceFrequencyMS=60000, connectionPoolListeners=[], maxConnecting=2}, serverSettings=ServerSettings{heartbeatFrequencyMS=10000, minHeartbeatFrequencyMS=500, serverMonitoringMode=AUTO, serverListeners='[]', serverMonitorListeners='[]'}, sslSettings=SslSettings{enabled=false, invalidHostNameAllowed=false, context=null}, applicationName='null', compressorList=[], uuidRepresentation=JAVA_LEGACY, serverApi=null, autoEncryptionSettings=null, dnsClient=null, inetAddressResolver=null, contextProvider=null, timeoutMS=null}
2025-02-22 21:40:02.815 [cluster-ClusterId{value='67ba8a826882d141b49e55ef', description='null'}-localhost:27017] INFO  org.mongodb.driver.cluster - Monitor thread successfully connected to server with description ServerDescription{address=localhost:27017, type=STANDALONE, cryptd=false, state=CONNECTED, ok=true, minWireVersion=0, maxWireVersion=25, maxDocumentSize=16777216, logicalSessionTimeoutMinutes=30, roundTripTimeNanos=55861900, minRoundTripTimeNanos=0}
2025-02-22 21:40:03.237 [main] INFO  o.s.c.n.e.c.DiscoveryClientOptionalArgsConfiguration - Eureka HTTP Client uses RestTemplate.
2025-02-22 21:40:03.483 [main] WARN  o.s.c.l.c.LoadBalancerCacheAutoConfiguration$LoadBalancerCaffeineWarnLogger - Spring Cloud LoadBalancer is currently working with the default cache. While this cache implementation is useful for development and tests, it's recommended to use Caffeine cache in production.You can switch to using Caffeine cache, by adding it and org.springframework.cache.caffeine.CaffeineCacheManager to the classpath.
2025-02-22 21:40:03.531 [main] INFO  o.s.c.n.eureka.InstanceInfoFactory - Setting initial instance status as: STARTING
2025-02-22 21:40:03.551 [main] INFO  c.netflix.discovery.DiscoveryClient - Initializing Eureka in region us-east-1
2025-02-22 21:40:03.555 [main] INFO  c.n.d.s.r.aws.ConfigClusterResolver - Resolving eureka endpoints via configuration
2025-02-22 21:40:03.563 [main] INFO  c.netflix.discovery.DiscoveryClient - Disable delta property : false
2025-02-22 21:40:03.563 [main] INFO  c.netflix.discovery.DiscoveryClient - Single vip registry refresh property : null
2025-02-22 21:40:03.563 [main] INFO  c.netflix.discovery.DiscoveryClient - Force full registry fetch : false
2025-02-22 21:40:03.563 [main] INFO  c.netflix.discovery.DiscoveryClient - Application is null : false
2025-02-22 21:40:03.563 [main] INFO  c.netflix.discovery.DiscoveryClient - Registered Applications size is zero : true
2025-02-22 21:40:03.563 [main] INFO  c.netflix.discovery.DiscoveryClient - Application version is -1: true
2025-02-22 21:40:03.563 [main] INFO  c.netflix.discovery.DiscoveryClient - Getting all instance registry info from the eureka server
2025-02-22 21:40:03.798 [main] INFO  c.netflix.discovery.DiscoveryClient - The response status is 200
2025-02-22 21:40:03.800 [main] INFO  c.netflix.discovery.DiscoveryClient - Starting heartbeat executor: renew interval is: 30
2025-02-22 21:40:03.801 [main] INFO  c.n.discovery.InstanceInfoReplicator - InstanceInfoReplicator onDemand update allowed rate per min is 4
2025-02-22 21:40:03.803 [main] INFO  c.netflix.discovery.DiscoveryClient - Discovery Client initialized at timestamp 1740278403802 with initial instances count: 3
2025-02-22 21:40:03.805 [main] INFO  o.s.c.n.e.s.EurekaServiceRegistry - Registering application BT-MS-PRODUCTS with eureka with status UP
2025-02-22 21:40:03.806 [main] INFO  c.netflix.discovery.DiscoveryClient - Saw local status change event StatusChangeEvent [timestamp=1740278403806, current=UP, previous=STARTING]
2025-02-22 21:40:03.807 [DiscoveryClient-InstanceInfoReplicator-%d] INFO  c.netflix.discovery.DiscoveryClient - DiscoveryClient_BT-MS-PRODUCTS/NTTD-1MYJR54.mshome.net:bt-ms-products:8083: registering service...
2025-02-22 21:40:03.834 [DiscoveryClient-InstanceInfoReplicator-%d] INFO  c.netflix.discovery.DiscoveryClient - DiscoveryClient_BT-MS-PRODUCTS/NTTD-1MYJR54.mshome.net:bt-ms-products:8083 - registration status: 204
2025-02-22 21:40:03.856 [main] INFO  o.s.b.w.e.netty.NettyWebServer - Netty started on port 8083 (http)
2025-02-22 21:40:03.861 [main] INFO  o.s.c.n.e.s.EurekaAutoServiceRegistration - Updating port to 8083
2025-02-22 21:40:04.252 [main] INFO  c.b.msproducts.MsProductsApplication - Started MsProductsApplication in 6.527 seconds (process running for 7.462)
2025-02-22 21:42:24.622 [AsyncResolver-bootstrap-executor-%d] INFO  c.n.d.s.r.aws.ConfigClusterResolver - Resolving eureka endpoints via configuration
2025-02-22 21:45:03.576 [AsyncResolver-bootstrap-executor-%d] INFO  c.n.d.s.r.aws.ConfigClusterResolver - Resolving eureka endpoints via configuration
2025-02-22 21:47:24.624 [AsyncResolver-bootstrap-executor-%d] INFO  c.n.d.s.r.aws.ConfigClusterResolver - Resolving eureka endpoints via configuration
2025-02-22 21:50:03.592 [AsyncResolver-bootstrap-executor-%d] INFO  c.n.d.s.r.aws.ConfigClusterResolver - Resolving eureka endpoints via configuration
2025-02-22 21:52:24.631 [AsyncResolver-bootstrap-executor-%d] INFO  c.n.d.s.r.aws.ConfigClusterResolver - Resolving eureka endpoints via configuration
2025-02-22 21:55:03.604 [AsyncResolver-bootstrap-executor-%d] INFO  c.n.d.s.r.aws.ConfigClusterResolver - Resolving eureka endpoints via configuration
2025-02-22 21:57:24.638 [AsyncResolver-bootstrap-executor-%d] INFO  c.n.d.s.r.aws.ConfigClusterResolver - Resolving eureka endpoints via configuration
2025-02-22 22:00:03.613 [AsyncResolver-bootstrap-executor-%d] INFO  c.n.d.s.r.aws.ConfigClusterResolver - Resolving eureka endpoints via configuration
2025-02-22 22:02:24.642 [AsyncResolver-bootstrap-executor-%d] INFO  c.n.d.s.r.aws.ConfigClusterResolver - Resolving eureka endpoints via configuration
2025-02-22 22:05:03.620 [AsyncResolver-bootstrap-executor-%d] INFO  c.n.d.s.r.aws.ConfigClusterResolver - Resolving eureka endpoints via configuration
2025-02-22 22:07:24.658 [AsyncResolver-bootstrap-executor-%d] INFO  c.n.d.s.r.aws.ConfigClusterResolver - Resolving eureka endpoints via configuration
2025-02-22 22:10:03.631 [AsyncResolver-bootstrap-executor-%d] INFO  c.n.d.s.r.aws.ConfigClusterResolver - Resolving eureka endpoints via configuration
2025-02-22 22:12:24.667 [AsyncResolver-bootstrap-executor-%d] INFO  c.n.d.s.r.aws.ConfigClusterResolver - Resolving eureka endpoints via configuration
2025-02-22 22:15:03.647 [AsyncResolver-bootstrap-executor-%d] INFO  c.n.d.s.r.aws.ConfigClusterResolver - Resolving eureka endpoints via configuration
2025-02-22 22:17:24.678 [AsyncResolver-bootstrap-executor-%d] INFO  c.n.d.s.r.aws.ConfigClusterResolver - Resolving eureka endpoints via configuration
2025-02-22 22:20:03.660 [AsyncResolver-bootstrap-executor-%d] INFO  c.n.d.s.r.aws.ConfigClusterResolver - Resolving eureka endpoints via configuration
2025-02-22 22:22:24.691 [AsyncResolver-bootstrap-executor-%d] INFO  c.n.d.s.r.aws.ConfigClusterResolver - Resolving eureka endpoints via configuration
2025-02-22 22:25:03.674 [AsyncResolver-bootstrap-executor-%d] INFO  c.n.d.s.r.aws.ConfigClusterResolver - Resolving eureka endpoints via configuration
2025-02-22 22:27:24.695 [AsyncResolver-bootstrap-executor-%d] INFO  c.n.d.s.r.aws.ConfigClusterResolver - Resolving eureka endpoints via configuration
2025-02-22 22:30:03.678 [AsyncResolver-bootstrap-executor-%d] INFO  c.n.d.s.r.aws.ConfigClusterResolver - Resolving eureka endpoints via configuration
2025-02-22 22:32:24.709 [AsyncResolver-bootstrap-executor-%d] INFO  c.n.d.s.r.aws.ConfigClusterResolver - Resolving eureka endpoints via configuration
2025-02-22 22:35:03.682 [AsyncResolver-bootstrap-executor-%d] INFO  c.n.d.s.r.aws.ConfigClusterResolver - Resolving eureka endpoints via configuration
2025-02-22 22:37:24.715 [AsyncResolver-bootstrap-executor-%d] INFO  c.n.d.s.r.aws.ConfigClusterResolver - Resolving eureka endpoints via configuration
2025-02-22 22:40:03.688 [AsyncResolver-bootstrap-executor-%d] INFO  c.n.d.s.r.aws.ConfigClusterResolver - Resolving eureka endpoints via configuration
2025-02-22 22:42:24.729 [AsyncResolver-bootstrap-executor-%d] INFO  c.n.d.s.r.aws.ConfigClusterResolver - Resolving eureka endpoints via configuration
2025-02-22 22:45:03.691 [AsyncResolver-bootstrap-executor-%d] INFO  c.n.d.s.r.aws.ConfigClusterResolver - Resolving eureka endpoints via configuration
2025-02-22 22:47:24.743 [AsyncResolver-bootstrap-executor-%d] INFO  c.n.d.s.r.aws.ConfigClusterResolver - Resolving eureka endpoints via configuration
2025-02-22 22:50:03.707 [AsyncResolver-bootstrap-executor-%d] INFO  c.n.d.s.r.aws.ConfigClusterResolver - Resolving eureka endpoints via configuration
2025-02-22 22:52:24.753 [AsyncResolver-bootstrap-executor-%d] INFO  c.n.d.s.r.aws.ConfigClusterResolver - Resolving eureka endpoints via configuration
2025-02-22 22:55:03.715 [AsyncResolver-bootstrap-executor-%d] INFO  c.n.d.s.r.aws.ConfigClusterResolver - Resolving eureka endpoints via configuration
2025-02-22 22:57:24.767 [AsyncResolver-bootstrap-executor-%d] INFO  c.n.d.s.r.aws.ConfigClusterResolver - Resolving eureka endpoints via configuration
2025-02-22 23:00:03.717 [AsyncResolver-bootstrap-executor-%d] INFO  c.n.d.s.r.aws.ConfigClusterResolver - Resolving eureka endpoints via configuration
2025-02-22 23:02:24.780 [AsyncResolver-bootstrap-executor-%d] INFO  c.n.d.s.r.aws.ConfigClusterResolver - Resolving eureka endpoints via configuration
2025-02-22 23:05:03.727 [AsyncResolver-bootstrap-executor-%d] INFO  c.n.d.s.r.aws.ConfigClusterResolver - Resolving eureka endpoints via configuration
2025-02-22 23:07:24.794 [AsyncResolver-bootstrap-executor-%d] INFO  c.n.d.s.r.aws.ConfigClusterResolver - Resolving eureka endpoints via configuration
2025-02-22 23:10:03.740 [AsyncResolver-bootstrap-executor-%d] INFO  c.n.d.s.r.aws.ConfigClusterResolver - Resolving eureka endpoints via configuration
2025-02-22 23:12:24.808 [AsyncResolver-bootstrap-executor-%d] INFO  c.n.d.s.r.aws.ConfigClusterResolver - Resolving eureka endpoints via configuration
2025-02-22 23:15:03.755 [AsyncResolver-bootstrap-executor-%d] INFO  c.n.d.s.r.aws.ConfigClusterResolver - Resolving eureka endpoints via configuration
2025-02-22 23:17:24.818 [AsyncResolver-bootstrap-executor-%d] INFO  c.n.d.s.r.aws.ConfigClusterResolver - Resolving eureka endpoints via configuration
2025-02-22 23:20:03.768 [AsyncResolver-bootstrap-executor-%d] INFO  c.n.d.s.r.aws.ConfigClusterResolver - Resolving eureka endpoints via configuration
2025-02-22 23:22:24.834 [AsyncResolver-bootstrap-executor-%d] INFO  c.n.d.s.r.aws.ConfigClusterResolver - Resolving eureka endpoints via configuration
2025-02-22 23:25:03.778 [AsyncResolver-bootstrap-executor-%d] INFO  c.n.d.s.r.aws.ConfigClusterResolver - Resolving eureka endpoints via configuration
2025-02-22 23:27:24.848 [AsyncResolver-bootstrap-executor-%d] INFO  c.n.d.s.r.aws.ConfigClusterResolver - Resolving eureka endpoints via configuration
2025-02-22 23:30:03.781 [AsyncResolver-bootstrap-executor-%d] INFO  c.n.d.s.r.aws.ConfigClusterResolver - Resolving eureka endpoints via configuration
2025-02-22 23:32:24.858 [AsyncResolver-bootstrap-executor-%d] INFO  c.n.d.s.r.aws.ConfigClusterResolver - Resolving eureka endpoints via configuration
2025-02-22 23:35:03.797 [AsyncResolver-bootstrap-executor-%d] INFO  c.n.d.s.r.aws.ConfigClusterResolver - Resolving eureka endpoints via configuration
2025-02-22 23:37:24.871 [AsyncResolver-bootstrap-executor-%d] INFO  c.n.d.s.r.aws.ConfigClusterResolver - Resolving eureka endpoints via configuration
2025-02-22 23:40:03.807 [AsyncResolver-bootstrap-executor-%d] INFO  c.n.d.s.r.aws.ConfigClusterResolver - Resolving eureka endpoints via configuration
2025-02-22 23:42:24.882 [AsyncResolver-bootstrap-executor-%d] INFO  c.n.d.s.r.aws.ConfigClusterResolver - Resolving eureka endpoints via configuration
2025-02-22 23:45:03.818 [AsyncResolver-bootstrap-executor-%d] INFO  c.n.d.s.r.aws.ConfigClusterResolver - Resolving eureka endpoints via configuration
2025-02-22 23:47:24.896 [AsyncResolver-bootstrap-executor-%d] INFO  c.n.d.s.r.aws.ConfigClusterResolver - Resolving eureka endpoints via configuration
2025-02-22 23:50:03.828 [AsyncResolver-bootstrap-executor-%d] INFO  c.n.d.s.r.aws.ConfigClusterResolver - Resolving eureka endpoints via configuration
2025-02-22 23:52:24.898 [AsyncResolver-bootstrap-executor-%d] INFO  c.n.d.s.r.aws.ConfigClusterResolver - Resolving eureka endpoints via configuration
2025-02-22 23:55:03.840 [AsyncResolver-bootstrap-executor-%d] INFO  c.n.d.s.r.aws.ConfigClusterResolver - Resolving eureka endpoints via configuration
2025-02-22 23:57:19.302 [SpringApplicationShutdownHook] INFO  o.s.c.n.e.s.EurekaServiceRegistry - Unregistering application BT-MS-PRODUCTS with eureka with status DOWN
2025-02-22 23:57:19.303 [SpringApplicationShutdownHook] INFO  c.netflix.discovery.DiscoveryClient - Saw local status change event StatusChangeEvent [timestamp=1740286639303, current=DOWN, previous=UP]
2025-02-22 23:57:19.303 [DiscoveryClient-InstanceInfoReplicator-%d] INFO  c.netflix.discovery.DiscoveryClient - DiscoveryClient_BT-MS-PRODUCTS/NTTD-1MYJR54.mshome.net:bt-ms-products:8083: registering service...
2025-02-22 23:57:19.306 [SpringApplicationShutdownHook] INFO  o.s.b.w.e.netty.GracefulShutdown - Commencing graceful shutdown. Waiting for active requests to complete
2025-02-22 23:57:19.309 [netty-shutdown] INFO  o.s.b.w.e.netty.GracefulShutdown - Graceful shutdown complete
2025-02-22 23:57:19.317 [DiscoveryClient-InstanceInfoReplicator-%d] INFO  c.netflix.discovery.DiscoveryClient - DiscoveryClient_BT-MS-PRODUCTS/NTTD-1MYJR54.mshome.net:bt-ms-products:8083 - registration status: 204
2025-02-22 23:57:23.479 [SpringApplicationShutdownHook] INFO  c.netflix.discovery.DiscoveryClient - Shutting down DiscoveryClient ...
2025-02-22 23:57:24.910 [AsyncResolver-bootstrap-executor-%d] INFO  c.n.d.s.r.aws.ConfigClusterResolver - Resolving eureka endpoints via configuration
2025-02-22 23:57:26.482 [SpringApplicationShutdownHook] INFO  c.netflix.discovery.DiscoveryClient - Unregistering ...
2025-02-22 23:57:26.506 [SpringApplicationShutdownHook] INFO  c.netflix.discovery.DiscoveryClient - DiscoveryClient_BT-MS-PRODUCTS/NTTD-1MYJR54.mshome.net:bt-ms-products:8083 - deregister  status: 200
2025-02-22 23:57:26.507 [SpringApplicationShutdownHook] INFO  c.netflix.discovery.DiscoveryClient - Completed shut down of DiscoveryClient
